Item Code,Hub Sync ID,Workflow State,Series,Variant Of,Item Name,Item Group,HSN/SAC,Is nil rated or exempted,Is Non GST,Is Item from Hub,Default Unit of Measure,Disabled,Allow Alternative Item,Maintain Stock,Include Item In Manufacturing,Opening Stock,Valuation Rate,Standard Selling Rate,Is Fixed Asset,Auto Create Assets on Purchase,Asset Category,Asset Naming Series,Over Delivery/Receipt Allowance (%),Over Billing Allowance (%),Image,Brand,Description,Shelf Life In Days,End of Life,Default Material Request Type,Valuation Method,Warranty Period (in days),Weight Per Unit,Weight UOM,Has Batch No,Automatically Create New Batch,Batch Number Series,Has Expiry Date,Retain Sample,Max Sample Quantity,Has Serial No,Serial Number Series,Has Variants,Variant Based On,Is Purchase Item,Default Purchase Unit of Measure,Minimum Order Qty,Safety Stock,Lead Time in days,Last Purchase Rate,Is Customer Provided Item,Customer,Delivered by Supplier (Drop Ship),Country of Origin,Customs Tariff Number,Default Sales Unit of Measure,Is Sales Item,Max Discount (%),Deferred Revenue Account,Enable Deferred Revenue,No of Months,Deferred Expense Account,Enable Deferred Expense,no_of_months_exp,Inspection Required before Purchase,Inspection Required before Delivery,Quality Inspection Template,Default BOM,Supply Raw Materials for Purchase,Customer Code,Default Item Manufacturer,Default Manufacturer Part No,Show in Website,Show in Website (Variant),Route,Weightage,Slideshow,Website Image,Thumbnail,Website Warehouse,Website Description,Website Content,Total Projected Qty,Publish in Hub,Hub Category to Publish,Hub Warehouse,Synced With Hub,Customer GSTIN,Reason For Issuing document,Withholding Category,Barcode (Barcodes),Barcode Type (Barcodes),ID (Reorder level based on Warehouse),Check in (group) (Reorder level based on Warehouse),Request for (Reorder level based on Warehouse),Re-order Level (Reorder level based on Warehouse),Re-order Qty (Reorder level based on Warehouse),Material Request Type (Reorder level based on Warehouse),ID (UOMs),UOM (UOMs),Conversion Factor (UOMs),ID (Attributes),Variant Of (Attributes),Attribute (Attributes),Attribute Value (Attributes),Numeric Values (Attributes),From Range (Attributes),Increment (Attributes),To Range (Attributes),ID (Item Defaults),Company (Item Defaults),Default Warehouse (Item Defaults),Default Price List (Item Defaults),Default Buying Cost Center (Item Defaults),Default Supplier (Item Defaults),Default Expense Account (Item Defaults),Default Selling Cost Center (Item Defaults),Default Income Account (Item Defaults),ID (Supplier Items),Supplier (Supplier Items),Supplier Part Number (Supplier Items),ID (Customer Items),Customer Name (Customer Items),Customer Group (Customer Items),Ref Code (Customer Items),ID (Taxes),Item Tax Template (Taxes),Tax Category (Taxes),Valid From (Taxes),ID (Website Item Groups),Item Group (Website Item Groups),ID (Website Specifications),Label (Website Specifications),Description (Website Specifications)
PET Flakes,,,STO-ITEM-.YYYY.-,,PET Flakes,Raw Material,,0,0,0,Kg,0,0,1,1,0,0,0,0,0,,,0,0,,,PET Flakes,0,2099-12-31,Purchase,,,0,,0,0,,0,0,0,0,,0,Item Attribute,1,,0,0,0,15,0,,0,Ethiopia,,,1,0,,0,0,,0,0,0,0,,,0,,,,0,0,,0,,,,,,,0,0,,,0,,01-Sales Return,Purchase,,,,,,,,,137bfdcc8f,Kg,1,,,,,,,,,53b69614ef,Niyo Polymers,Stores - NP,,,,,,,,,,,,,,,,,,,,,,
Preform 28 gm Clear - Super,,,STO-ITEM-.YYYY.-,,Preform 28 gm Clear - Super,Preform 28 gm,,0,0,0,Nos,0,0,1,1,0,0,0,0,0,,,0,0,,,Preform 28 gm Clear - Super,0,2099-12-31,Purchase,,,0,,0,0,,0,0,0,0,,0,Item Attribute,1,,0,0,0,0,0,,0,,,,1,0,,0,0,,0,0,0,0,,,0,,,,0,0,,0,,,,,,,0,0,,,0,,01-Sales Return,Purchase,,,,,,,,,892915e36d,Nos,1,,,,,,,,,42aa05ecda,Niyo Polymers,Stores - NP,,,,,,,,,,,,,,,,,,,,,,
Preform 28 gm Amber - Super,,,STO-ITEM-.YYYY.-,,Preform 28 gm Amber - Super,Preform 28 gm,,0,0,0,Nos,0,0,1,1,0,0,0,0,0,,,0,0,,,Preform 28 gm Amber - Super,0,2099-12-31,Purchase,,,0,,0,0,,0,0,0,0,,0,Item Attribute,1,,0,0,0,0,0,,0,,,,1,0,,0,0,,0,0,0,0,,,0,,,,0,0,,0,,,,,,,0,0,,,0,,01-Sales Return,Purchase,,,,,,,,,4b89a7c447,Nos,1,,,,,,,,,e2904beb19,Niyo Polymers,Stores - NP,,,,,,,,,,,,,,,,,,,,,,
Preform 28 gm Dark Blue - Super,,,STO-ITEM-.YYYY.-,,Preform 28 gm Dark Blue - Super,Preform 28 gm,,0,0,0,Nos,0,0,1,1,0,0,0,0,0,,,0,0,,,Preform 28 gm Dark Blue - Super,0,2099-12-31,Purchase,,,0,,0,0,,0,0,0,0,,0,Item Attribute,1,,0,0,0,0,0,,0,,,,1,0,,0,0,,0,0,0,0,,,0,,,,0,0,,0,,,,,,,0,0,,,0,,01-Sales Return,Purchase,,,,,,,,,9f7b75f8a6,Nos,1,,,,,,,,,4b0718607f,Niyo Polymers,Stores - NP,,,,,,,,,,,,,,,,,,,,,,
Preform 28 gm Light Blue - Super,,,STO-ITEM-.YYYY.-,,Preform 28 gm Light Blue - Super,Preform 28 gm,,0,0,0,Nos,0,0,1,1,0,0,0,0,0,,,0,0,,,Preform 28 gm Light Blue - Super,0,2099-12-31,Purchase,,,0,,0,0,,0,0,0,0,,0,Item Attribute,1,,0,0,0,0,0,,0,,,,1,0,,0,0,,0,0,0,0,,,0,,,,0,0,,0,,,,,,,0,0,,,0,,01-Sales Return,Purchase,,,,,,,,,c872d930ab,Nos,1,,,,,,,,,eadef22e42,Niyo Polymers,Stores - NP,,,,,,,,,,,,,,,,,,,,,,
Preform 28 gm Clear - Arova,,,STO-ITEM-.YYYY.-,,Preform 28 gm Clear - Arova,Preform 28 gm,,0,0,0,Nos,0,0,1,1,0,0,0,0,0,,,0,0,,,Preform 28 gm Clear - Arova,0,2099-12-31,Purchase,,,0,,0,0,,0,0,0,0,,0,Item Attribute,1,,0,0,0,0,0,,0,,,,1,0,,0,0,,0,0,0,0,,,0,,,,0,0,,0,,,,,,,0,0,,,0,,01-Sales Return,Purchase,,,,,,,,,2f256eb068,Nos,1,,,,,,,,,3fae3820b5,Niyo Polymers,Stores - NP,,,,,,,,,,,,,,,,,,,,,,
Preform 28 gm Amber - Arova,,,STO-ITEM-.YYYY.-,,Preform 28 gm Amber - Arova,Preform 28 gm,,0,0,0,Nos,0,0,1,1,0,0,0,0,0,,,0,0,,,Preform 28 gm Amber - Arova,0,2099-12-31,Purchase,,,0,,0,0,,0,0,0,0,,0,Item Attribute,1,,0,0,0,0,0,,0,,,,1,0,,0,0,,0,0,0,0,,,0,,,,0,0,,0,,,,,,,0,0,,,0,,01-Sales Return,Purchase,,,,,,,,,404569b367,Nos,1,,,,,,,,,cc81e19443,Niyo Polymers,Stores - NP,,,,,,,,,,,,,,,,,,,,,,
Preform 28 gm Dark Blue - Arova,,,STO-ITEM-.YYYY.-,,Preform 28 gm Dark Blue - Arova,Preform 28 gm,,0,0,0,Nos,0,0,1,1,0,0,0,0,0,,,0,0,,,Preform 28 gm Dark Blue - Arova,0,2099-12-31,Purchase,,,0,,0,0,,0,0,0,0,,0,Item Attribute,1,,0,0,0,0,0,,0,,,,1,0,,0,0,,0,0,0,0,,,0,,,,0,0,,0,,,,,,,0,0,,,0,,01-Sales Return,Purchase,,,,,,,,,1010965444,Nos,1,,,,,,,,,94d2a761dc,Niyo Polymers,Stores - NP,,,,,,,,,,,,,,,,,,,,,,
Preform 28 gm Light Blue - Arova,,,STO-ITEM-.YYYY.-,,Preform 28 gm Light Blue - Arova,Preform 28 gm,,0,0,0,Nos,0,0,1,1,0,0,0,0,0,,,0,0,,,Preform 28 gm Light Blue - Arova,0,2099-12-31,Purchase,,,0,,0,0,,0,0,0,0,,0,Item Attribute,1,,0,0,0,0,0,,0,,,,1,0,,0,0,,0,0,0,0,,,0,,,,0,0,,0,,,,,,,0,0,,,0,,01-Sales Return,Purchase,,,,,,,,,209879b953,Nos,1,,,,,,,,,5be9b7eb97,Niyo Polymers,Stores - NP,,,,,,,,,,,,,,,,,,,,,,
Preform 28 gm Clear - Niyo,,,STO-ITEM-.YYYY.-,,Preform 28 gm Clear - Niyo,Preform 28 gm,,0,0,0,Nos,0,0,1,1,0,0,0,0,0,,,0,0,,,Preform 28 gm Clear - Niyo,0,2099-12-31,Purchase,,,0,,0,0,,0,0,0,0,,0,Item Attribute,1,,0,0,0,0,0,,0,,,,1,0,,0,0,,0,0,0,0,,,0,,,,0,0,,0,,,,,,,0,0,,,0,,01-Sales Return,Purchase,,,,,,,,,8e8635b7ca,Nos,1,,,,,,,,,b6acdd06af,Niyo Polymers,Stores - NP,,,,,,,,,,,,,,,,,,,,,,
Preform 28 gm Amber - Niyo,,,STO-ITEM-.YYYY.-,,Preform 28 gm Amber - Niyo,Preform 28 gm,,0,0,0,Nos,0,0,1,1,0,0,0,0,0,,,0,0,,,Preform 28 gm Amber - Niyo,0,2099-12-31,Purchase,,,0,,0,0,,0,0,0,0,,0,Item Attribute,1,,0,0,0,0,0,,0,,,,1,0,,0,0,,0,0,0,0,,,0,,,,0,0,,0,,,,,,,0,0,,,0,,01-Sales Return,Purchase,,,,,,,,,65805d90ae,Nos,1,,,,,,,,,61542421,Niyo Polymers,Stores - NP,,,,,,,,,,,,,,,,,,,,,,
Preform 28 gm Dark Blue - Niyo,,,STO-ITEM-.YYYY.-,,Preform 28 gm Dark Blue - Niyo,Preform 28 gm,,0,0,0,Nos,0,0,1,1,0,0,0,0,0,,,0,0,,,Preform 28 gm Dark Blue - Niyo,0,2099-12-31,Purchase,,,0,,0,0,,0,0,0,0,,0,Item Attribute,1,,0,0,0,0,0,,0,,,,1,0,,0,0,,0,0,0,0,,,0,,,,0,0,,0,,,,,,,0,0,,,0,,01-Sales Return,Purchase,,,,,,,,,5d52c903d4,Nos,1,,,,,,,,,bb5391e9e8,Niyo Polymers,Stores - NP,,,,,,,,,,,,,,,,,,,,,,
Preform 28 gm Light Blue - Niyo,,,STO-ITEM-.YYYY.-,,Preform 28 gm Light Blue - Niyo,Preform 28 gm,,0,0,0,Nos,0,0,1,1,0,0,0,0,0,,,0,0,,,Preform 28 gm Light Blue - Niyo,0,2099-12-31,Purchase,,,0,,0,0,,0,0,0,0,,0,Item Attribute,1,,0,0,0,0,0,,0,,,,1,0,,0,0,,0,0,0,0,,,0,,,,0,0,,0,,,,,,,0,0,,,0,,01-Sales Return,Purchase,,,,,,,,,ada74107a3,Nos,1,,,,,,,,,324510002e,Niyo Polymers,Stores - NP,,,,,,,,,,,,,,,,,,,,,,
Preform 28 gm Clear - Mintu,,,STO-ITEM-.YYYY.-,,Preform 28 gm Clear - Mintu,Preform 28 gm,,0,0,0,Nos,0,0,1,1,0,0,0,0,0,,,0,0,,,Preform 28 gm Clear - Mintu,0,2099-12-31,Purchase,,,0,,0,0,,0,0,0,0,,0,Item Attribute,1,,0,0,0,0,0,,0,,,,1,0,,0,0,,0,0,0,0,,,0,,,,0,0,,0,,,,,,,0,0,,,0,,01-Sales Return,Purchase,,,,,,,,,18756c5e9f,Nos,1,,,,,,,,,52b796aa29,Niyo Polymers,Stores - NP,,,,,,,,,,,,,,,,,,,,,,
Preform 28 gm Amber - Mintu,,,STO-ITEM-.YYYY.-,,Preform 28 gm Amber - Mintu,Preform 28 gm,,0,0,0,Nos,0,0,1,1,0,0,0,0,0,,,0,0,,,Preform 28 gm Amber - Mintu,0,2099-12-31,Purchase,,,0,,0,0,,0,0,0,0,,0,Item Attribute,1,,0,0,0,0,0,,0,,,,1,0,,0,0,,0,0,0,0,,,0,,,,0,0,,0,,,,,,,0,0,,,0,,01-Sales Return,Purchase,,,,,,,,,e0121a179a,Nos,1,,,,,,,,,f4fea157b7,Niyo Polymers,Stores - NP,,,,,,,,,,,,,,,,,,,,,,
Preform 28 gm Dark Blue - Mintu,,,STO-ITEM-.YYYY.-,,Preform 28 gm Dark Blue - Mintu,Preform 28 gm,,0,0,0,Nos,0,0,1,1,0,0,0,0,0,,,0,0,,,Preform 28 gm Dark Blue - Mintu,0,2099-12-31,Purchase,,,0,,0,0,,0,0,0,0,,0,Item Attribute,1,,0,0,0,0,0,,0,,,,1,0,,0,0,,0,0,0,0,,,0,,,,0,0,,0,,,,,,,0,0,,,0,,01-Sales Return,Purchase,,,,,,,,,bf4cc067ce,Nos,1,,,,,,,,,c08206f8dd,Niyo Polymers,Stores - NP,,,,,,,,,,,,,,,,,,,,,,
Preform 28 gm Light Blue - Mintu,,,STO-ITEM-.YYYY.-,,Preform 28 gm Light Blue - Mintu,Preform 28 gm,,0,0,0,Nos,0,0,1,1,0,0,0,0,0,,,0,0,,,Preform 28 gm Light Blue - Mintu,0,2099-12-31,Purchase,,,0,,0,0,,0,0,0,0,,0,Item Attribute,1,,0,0,0,0,0,,0,,,,1,0,,0,0,,0,0,0,0,,,0,,,,0,0,,0,,,,,,,0,0,,,0,,01-Sales Return,Purchase,,,,,,,,,34531eb330,Nos,1,,,,,,,,,a87fbb4363,Niyo Polymers,Stores - NP,,,,,,,,,,,,,,,,,,,,,,
Preform 10 gm Clear - Arova,,,STO-ITEM-.YYYY.-,,Preform 10 gm Clear - Arova,Preform 10 gm,,0,0,0,Nos,0,0,1,1,0,0,0,0,0,,,0,0,,,Preform 10 gm Clear - Arova,0,2099-12-31,Purchase,,,0,,0,0,,0,0,0,0,,0,Item Attribute,1,,0,0,0,0,0,,0,,,,1,0,,0,0,,0,0,0,0,,,0,,,,0,0,,0,,,,,,,0,0,,,0,,01-Sales Return,Purchase,,,,,,,,,88a522fd54,Nos,1,,,,,,,,,2647af210b,Niyo Polymers,Stores - NP,,,,,,,,,,,,,,,,,,,,,,
Preform 10 gm Amber - Arova,,,STO-ITEM-.YYYY.-,,Preform 10 gm Amber - Arova,Preform 10 gm,,0,0,0,Nos,0,0,1,1,0,0,0,0,0,,,0,0,,,Preform 10 gm Amber - Arova,0,2099-12-31,Purchase,,,0,,0,0,,0,0,0,0,,0,Item Attribute,1,,0,0,0,0,0,,0,,,,1,0,,0,0,,0,0,0,0,,,0,,,,0,0,,0,,,,,,,0,0,,,0,,01-Sales Return,Purchase,,,,,,,,,ddffc7a10c,Nos,1,,,,,,,,,9fc220b995,Niyo Polymers,Stores - NP,,,,,,,,,,,,,,,,,,,,,,
Preform 10 gm Dark Blue - Arova,,,STO-ITEM-.YYYY.-,,Preform 10 gm Dark Blue - Arova,Preform 10 gm,,0,0,0,Nos,0,0,1,1,0,0,0,0,0,,,0,0,,,Preform 10 gm Dark Blue - Arova,0,2099-12-31,Purchase,,,0,,0,0,,0,0,0,0,,0,Item Attribute,1,,0,0,0,0,0,,0,,,,1,0,,0,0,,0,0,0,0,,,0,,,,0,0,,0,,,,,,,0,0,,,0,,01-Sales Return,Purchase,,,,,,,,,2aa232ffb4,Nos,1,,,,,,,,,f0a5186580,Niyo Polymers,Stores - NP,,,,,,,,,,,,,,,,,,,,,,
Preform 10 gm Light Blue - Arova,,,STO-ITEM-.YYYY.-,,Preform 10 gm Light Blue - Arova,Preform 10 gm,,0,0,0,Nos,0,0,1,1,0,0,0,0,0,,,0,0,,,Preform 10 gm Light Blue - Arova,0,2099-12-31,Purchase,,,0,,0,0,,0,0,0,0,,0,Item Attribute,1,,0,0,0,0,0,,0,,,,1,0,,0,0,,0,0,0,0,,,0,,,,0,0,,0,,,,,,,0,0,,,0,,01-Sales Return,Purchase,,,,,,,,,65f053c81a,Nos,1,,,,,,,,,d065db8e9f,Niyo Polymers,Stores - NP,,,,,,,,,,,,,,,,,,,,,,
Preform 10 gm Clear - Niyo,,,STO-ITEM-.YYYY.-,,Preform 10 gm Clear - Niyo,Preform 10 gm,,0,0,0,Nos,0,0,1,1,0,0,0,0,0,,,0,0,,,Preform 10 gm Clear - Niyo,0,2099-12-31,Purchase,,,0,,0,0,,0,0,0,0,,0,Item Attribute,1,,0,0,0,0,0,,0,,,,1,0,,0,0,,0,0,0,0,,,0,,,,0,0,,0,,,,,,,0,0,,,0,,01-Sales Return,Purchase,,,,,,,,,a56153bac5,Nos,1,,,,,,,,,713bd27be4,Niyo Polymers,Stores - NP,,,,,,,,,,,,,,,,,,,,,,
Preform 10 gm Amber - Niyo,,,STO-ITEM-.YYYY.-,,Preform 10 gm Amber - Niyo,Preform 10 gm,,0,0,0,Nos,0,0,1,1,0,0,0,0,0,,,0,0,,,Preform 10 gm Amber - Niyo,0,2099-12-31,Purchase,,,0,,0,0,,0,0,0,0,,0,Item Attribute,1,,0,0,0,0,0,,0,,,,1,0,,0,0,,0,0,0,0,,,0,,,,0,0,,0,,,,,,,0,0,,,0,,01-Sales Return,Purchase,,,,,,,,,0ff09d7f0f,Nos,1,,,,,,,,,d7b1906d07,Niyo Polymers,Stores - NP,,,,,,,,,,,,,,,,,,,,,,
Preform 10 gm Dark Blue - Niyo,,,STO-ITEM-.YYYY.-,,Preform 10 gm Dark Blue - Niyo,Preform 10 gm,,0,0,0,Nos,0,0,1,1,0,0,0,0,0,,,0,0,,,Preform 10 gm Dark Blue - Niyo,0,2099-12-31,Purchase,,,0,,0,0,,0,0,0,0,,0,Item Attribute,1,,0,0,0,0,0,,0,,,,1,0,,0,0,,0,0,0,0,,,0,,,,0,0,,0,,,,,,,0,0,,,0,,01-Sales Return,Purchase,,,,,,,,,b02fd193a2,Nos,1,,,,,,,,,f7e6b2db9d,Niyo Polymers,Stores - NP,,,,,,,,,,,,,,,,,,,,,,
Preform 10 gm Light Blue - Niyo,,,STO-ITEM-.YYYY.-,,Preform 10 gm Light Blue - Niyo,Preform 10 gm,,0,0,0,Nos,0,0,1,1,0,0,0,0,0,,,0,0,,,Preform 10 gm Light Blue - Niyo,0,2099-12-31,Purchase,,,0,,0,0,,0,0,0,0,,0,Item Attribute,1,,0,0,0,0,0,,0,,,,1,0,,0,0,,0,0,0,0,,,0,,,,0,0,,0,,,,,,,0,0,,,0,,01-Sales Return,Purchase,,,,,,,,,37a78c9a25,Nos,1,,,,,,,,,7b42ec990f,Niyo Polymers,Stores - NP,,,,,,,,,,,,,,,,,,,,,,
Preform 20 gm Clear - Super,,,STO-ITEM-.YYYY.-,,Preform 20 gm Clear - Super,Preform 20 gm,,0,0,0,Nos,0,0,1,1,0,0,0,0,0,,,0,0,,,Preform 20 gm Clear - Super,0,2099-12-31,Purchase,,,0,,0,0,,0,0,0,0,,0,Item Attribute,1,,0,0,0,0,0,,0,,,,1,0,,0,0,,0,0,0,0,,,0,,,,0,0,,0,,,,,,,0,0,,,0,,01-Sales Return,Purchase,,,,,,,,,90fea0bed6,Nos,1,,,,,,,,,4b35b9eecc,Niyo Polymers,Stores - NP,,,,,,,,,,,,,,,,,,,,,,
Preform 20 gm Amber - Super,,,STO-ITEM-.YYYY.-,,Preform 20 gm Amber - Super,Preform 20 gm,,0,0,0,Nos,0,0,1,1,0,0,0,0,0,,,0,0,,,Preform 20 gm Amber - Super,0,2099-12-31,Purchase,,,0,,0,0,,0,0,0,0,,0,Item Attribute,1,,0,0,0,0,0,,0,,,,1,0,,0,0,,0,0,0,0,,,0,,,,0,0,,0,,,,,,,0,0,,,0,,01-Sales Return,Purchase,,,,,,,,,26efb91e31,Nos,1,,,,,,,,,06b0e91f85,Niyo Polymers,Stores - NP,,,,,,,,,,,,,,,,,,,,,,
Preform 20 gm Dark Blue - Super,,,STO-ITEM-.YYYY.-,,Preform 20 gm Dark Blue - Super,Preform 20 gm,,0,0,0,Nos,0,0,1,1,0,0,0,0,0,,,0,0,,,Preform 20 gm Dark Blue - Super,0,2099-12-31,Purchase,,,0,,0,0,,0,0,0,0,,0,Item Attribute,1,,0,0,0,0,0,,0,,,,1,0,,0,0,,0,0,0,0,,,0,,,,0,0,,0,,,,,,,0,0,,,0,,01-Sales Return,Purchase,,,,,,,,,14e5bc42ba,Nos,1,,,,,,,,,13f5231419,Niyo Polymers,Stores - NP,,,,,,,,,,,,,,,,,,,,,,
Preform 20 gm Light Blue - Super,,,STO-ITEM-.YYYY.-,,Preform 20 gm Light Blue - Super,Preform 20 gm,,0,0,0,Nos,0,0,1,1,0,0,0,0,0,,,0,0,,,Preform 20 gm Light Blue - Super,0,2099-12-31,Purchase,,,0,,0,0,,0,0,0,0,,0,Item Attribute,1,,0,0,0,0,0,,0,,,,1,0,,0,0,,0,0,0,0,,,0,,,,0,0,,0,,,,,,,0,0,,,0,,01-Sales Return,Purchase,,,,,,,,,45c1953d7c,Nos,1,,,,,,,,,8d41fcf904,Niyo Polymers,Stores - NP,,,,,,,,,,,,,,,,,,,,,,
Preform 20 gm Clear - Arova,,,STO-ITEM-.YYYY.-,,Preform 20 gm Clear - Arova,Preform 20 gm,,0,0,0,Nos,0,0,1,1,0,0,0,0,0,,,0,0,,,Preform 20 gm Clear - Arova,0,2099-12-31,Purchase,,,0,,0,0,,0,0,0,0,,0,Item Attribute,1,,0,0,0,0,0,,0,,,,1,0,,0,0,,0,0,0,0,,,0,,,,0,0,,0,,,,,,,0,0,,,0,,01-Sales Return,Purchase,,,,,,,,,3a31fdfc37,Nos,1,,,,,,,,,7e0a1fb255,Niyo Polymers,Stores - NP,,,,,,,,,,,,,,,,,,,,,,
Preform 20 gm Amber - Arova,,,STO-ITEM-.YYYY.-,,Preform 20 gm Amber - Arova,Preform 20 gm,,0,0,0,Nos,0,0,1,1,0,0,0,0,0,,,0,0,,,Preform 20 gm Amber - Arova,0,2099-12-31,Purchase,,,0,,0,0,,0,0,0,0,,0,Item Attribute,1,,0,0,0,0,0,,0,,,,1,0,,0,0,,0,0,0,0,,,0,,,,0,0,,0,,,,,,,0,0,,,0,,01-Sales Return,Purchase,,,,,,,,,a52959db97,Nos,1,,,,,,,,,925b5e4b8c,Niyo Polymers,Stores - NP,,,,,,,,,,,,,,,,,,,,,,
Preform 20 gm Dark Blue - Arova,,,STO-ITEM-.YYYY.-,,Preform 20 gm Dark Blue - Arova,Preform 20 gm,,0,0,0,Nos,0,0,1,1,0,0,0,0,0,,,0,0,,,Preform 20 gm Dark Blue - Arova,0,2099-12-31,Purchase,,,0,,0,0,,0,0,0,0,,0,Item Attribute,1,,0,0,0,0,0,,0,,,,1,0,,0,0,,0,0,0,0,,,0,,,,0,0,,0,,,,,,,0,0,,,0,,01-Sales Return,Purchase,,,,,,,,,a233fe511e,Nos,1,,,,,,,,,b550f7463d,Niyo Polymers,Stores - NP,,,,,,,,,,,,,,,,,,,,,,
Preform 20 gm Light Blue - Arova,,,STO-ITEM-.YYYY.-,,Preform 20 gm Light Blue - Arova,Preform 20 gm,,0,0,0,Nos,0,0,1,1,0,0,0,0,0,,,0,0,,,Preform 20 gm Light Blue - Arova,0,2099-12-31,Purchase,,,0,,0,0,,0,0,0,0,,0,Item Attribute,1,,0,0,0,0,0,,0,,,,1,0,,0,0,,0,0,0,0,,,0,,,,0,0,,0,,,,,,,0,0,,,0,,01-Sales Return,Purchase,,,,,,,,,1aff813077,Nos,1,,,,,,,,,d433c0e745,Niyo Polymers,Stores - NP,,,,,,,,,,,,,,,,,,,,,,
Preform 20 gm Clear - Niyo,,,STO-ITEM-.YYYY.-,,Preform 20 gm Clear - Niyo,Preform 20 gm,,0,0,0,Nos,0,0,1,1,0,0,0,0,0,,,0,0,,,Preform 20 gm Clear - Niyo,0,2099-12-31,Purchase,,,0,,0,0,,0,0,0,0,,0,Item Attribute,1,,0,0,0,0,0,,0,,,,1,0,,0,0,,0,0,0,0,,,0,,,,0,0,,0,,,,,,,0,0,,,0,,01-Sales Return,Purchase,,,,,,,,,48a69047c7,Nos,1,,,,,,,,,40a1ef32b1,Niyo Polymers,Stores - NP,,,,,,,,,,,,,,,,,,,,,,
Preform 20 gm Amber - Niyo,,,STO-ITEM-.YYYY.-,,Preform 20 gm Amber - Niyo,Preform 20 gm,,0,0,0,Nos,0,0,1,1,0,0,0,0,0,,,0,0,,,Preform 20 gm Amber - Niyo,0,2099-12-31,Purchase,,,0,,0,0,,0,0,0,0,,0,Item Attribute,1,,0,0,0,0,0,,0,,,,1,0,,0,0,,0,0,0,0,,,0,,,,0,0,,0,,,,,,,0,0,,,0,,01-Sales Return,Purchase,,,,,,,,,cd3c4b70b0,Nos,1,,,,,,,,,69b7af0194,Niyo Polymers,Stores - NP,,,,,,,,,,,,,,,,,,,,,,
Preform 20 gm Dark Blue - Niyo,,,STO-ITEM-.YYYY.-,,Preform 20 gm Dark Blue - Niyo,Preform 20 gm,,0,0,0,Nos,0,0,1,1,0,0,0,0,0,,,0,0,,,Preform 20 gm Dark Blue - Niyo,0,2099-12-31,Purchase,,,0,,0,0,,0,0,0,0,,0,Item Attribute,1,,0,0,0,0,0,,0,,,,1,0,,0,0,,0,0,0,0,,,0,,,,0,0,,0,,,,,,,0,0,,,0,,01-Sales Return,Purchase,,,,,,,,,fceec21d46,Nos,1,,,,,,,,,2067734d07,Niyo Polymers,Stores - NP,,,,,,,,,,,,,,,,,,,,,,
Preform 20 gm Light Blue - Niyo,,,STO-ITEM-.YYYY.-,,Preform 20 gm Light Blue - Niyo,Preform 20 gm,,0,0,0,Nos,0,0,1,1,0,0,0,0,0,,,0,0,,,Preform 20 gm Light Blue - Niyo,0,2099-12-31,Purchase,,,0,,0,0,,0,0,0,0,,0,Item Attribute,1,,0,0,0,0,0,,0,,,,1,0,,0,0,,0,0,0,0,,,0,,,,0,0,,0,,,,,,,0,0,,,0,,01-Sales Return,Purchase,,,,,,,,,a73f77e244,Nos,1,,,,,,,,,62c35b95ae,Niyo Polymers,Stores - NP,,,,,,,,,,,,,,,,,,,,,,
Preform 20 gm Clear - Mintu,,,STO-ITEM-.YYYY.-,,Preform 20 gm Clear - Mintu,Preform 20 gm,,0,0,0,Nos,0,0,1,1,0,0,0,0,0,,,0,0,,,Preform 20 gm Clear - Mintu,0,2099-12-31,Purchase,,,0,,0,0,,0,0,0,0,,0,Item Attribute,1,,0,0,0,0,0,,0,,,,1,0,,0,0,,0,0,0,0,,,0,,,,0,0,,0,,,,,,,0,0,,,0,,01-Sales Return,Purchase,,,,,,,,,845527726d,Nos,1,,,,,,,,,5cb9f5934f,Niyo Polymers,Stores - NP,,,,,,,,,,,,,,,,,,,,,,
Preform 20 gm Amber - Mintu,,,STO-ITEM-.YYYY.-,,Preform 20 gm Amber - Mintu,Preform 20 gm,,0,0,0,Nos,0,0,1,1,0,0,0,0,0,,,0,0,,,Preform 20 gm Amber - Mintu,0,2099-12-31,Purchase,,,0,,0,0,,0,0,0,0,,0,Item Attribute,1,,0,0,0,0,0,,0,,,,1,0,,0,0,,0,0,0,0,,,0,,,,0,0,,0,,,,,,,0,0,,,0,,01-Sales Return,Purchase,,,,,,,,,960f5e3202,Nos,1,,,,,,,,,3fb6dc3d1b,Niyo Polymers,Stores - NP,,,,,,,,,,,,,,,,,,,,,,
Preform 20 gm Dark Blue - Mintu,,,STO-ITEM-.YYYY.-,,Preform 20 gm Dark Blue - Mintu,Preform 20 gm,,0,0,0,Nos,0,0,1,1,0,0,0,0,0,,,0,0,,,Preform 20 gm Dark Blue - Mintu,0,2099-12-31,Purchase,,,0,,0,0,,0,0,0,0,,0,Item Attribute,1,,0,0,0,0,0,,0,,,,1,0,,0,0,,0,0,0,0,,,0,,,,0,0,,0,,,,,,,0,0,,,0,,01-Sales Return,Purchase,,,,,,,,,a3bf1ee5e9,Nos,1,,,,,,,,,f2e16ffddd,Niyo Polymers,Stores - NP,,,,,,,,,,,,,,,,,,,,,,
Preform 20 gm Light Blue - Mintu,,,STO-ITEM-.YYYY.-,,Preform 20 gm Light Blue - Mintu,Preform 20 gm,,0,0,0,Nos,0,0,1,1,0,0,0,0,0,,,0,0,,,Preform 20 gm Light Blue - Mintu,0,2099-12-31,Purchase,,,0,,0,0,,0,0,0,0,,0,Item Attribute,1,,0,0,0,0,0,,0,,,,1,0,,0,0,,0,0,0,0,,,0,,,,0,0,,0,,,,,,,0,0,,,0,,01-Sales Return,Purchase,,,,,,,,,9ff17e4f6d,Nos,1,,,,,,,,,1f143be510,Niyo Polymers,Stores - NP,,,,,,,,,,,,,,,,,,,,,,
Preform 42 gm Clear - Super,,,STO-ITEM-.YYYY.-,,Preform 42 gm Clear - Super,Preform 41/42 gm,,0,0,0,Nos,0,0,1,1,0,0,0,0,0,,,0,0,,,Preform 42 gm Clear - Super,0,2099-12-31,Purchase,,,0,,0,0,,0,0,0,0,,0,Item Attribute,1,,0,0,0,0,0,,0,,,,1,0,,0,0,,0,0,0,0,,,0,,,,0,0,,0,,,,,,,0,0,,,0,,01-Sales Return,Purchase,,,,,,,,,00dc53274e,Nos,1,,,,,,,,,4b969690e9,Niyo Polymers,Stores - NP,,,,,,,,,,,,,,,,,,,,,,
Preform 42 gm Amber - Super,,,STO-ITEM-.YYYY.-,,Preform 42 gm Amber - Super,Preform 41/42 gm,,0,0,0,Nos,0,0,1,1,0,0,0,0,0,,,0,0,,,Preform 42 gm Amber - Super,0,2099-12-31,Purchase,,,0,,0,0,,0,0,0,0,,0,Item Attribute,1,,0,0,0,0,0,,0,,,,1,0,,0,0,,0,0,0,0,,,0,,,,0,0,,0,,,,,,,0,0,,,0,,01-Sales Return,Purchase,,,,,,,,,2174ed9ed6,Nos,1,,,,,,,,,b7303b62d3,Niyo Polymers,Stores - NP,,,,,,,,,,,,,,,,,,,,,,
Preform 42 gm Dark Blue - Super,,,STO-ITEM-.YYYY.-,,Preform 42 gm Dark Blue - Super,Preform 41/42 gm,,0,0,0,Nos,0,0,1,1,0,0,0,0,0,,,0,0,,,Preform 42 gm Dark Blue - Super,0,2099-12-31,Purchase,,,0,,0,0,,0,0,0,0,,0,Item Attribute,1,,0,0,0,0,0,,0,,,,1,0,,0,0,,0,0,0,0,,,0,,,,0,0,,0,,,,,,,0,0,,,0,,01-Sales Return,Purchase,,,,,,,,,67f8804aff,Nos,1,,,,,,,,,b86a3094f5,Niyo Polymers,Stores - NP,,,,,,,,,,,,,,,,,,,,,,
Preform 42 gm Light Blue - Super,,,STO-ITEM-.YYYY.-,,Preform 42 gm Light Blue - Super,Preform 41/42 gm,,0,0,0,Nos,0,0,1,1,0,0,0,0,0,,,0,0,,,Preform 42 gm Light Blue - Super,0,2099-12-31,Purchase,,,0,,0,0,,0,0,0,0,,0,Item Attribute,1,,0,0,0,0,0,,0,,,,1,0,,0,0,,0,0,0,0,,,0,,,,0,0,,0,,,,,,,0,0,,,0,,01-Sales Return,Purchase,,,,,,,,,db4f6a0958,Nos,1,,,,,,,,,5ae53c73ce,Niyo Polymers,Stores - NP,,,,,,,,,,,,,,,,,,,,,,
Preform 42 gm Clear - Arova,,,STO-ITEM-.YYYY.-,,Preform 42 gm Clear - Arova,Preform 41/42 gm,,0,0,0,Nos,0,0,1,1,0,0,0,0,0,,,0,0,,,Preform 42 gm Clear - Arova,0,2099-12-31,Purchase,,,0,,0,0,,0,0,0,0,,0,Item Attribute,1,,0,0,0,0,0,,0,,,,1,0,,0,0,,0,0,0,0,,,0,,,,0,0,,0,,,,,,,0,0,,,0,,01-Sales Return,Purchase,,,,,,,,,75f8ac7a84,Nos,1,,,,,,,,,906b8379e0,Niyo Polymers,Stores - NP,,,,,,,,,,,,,,,,,,,,,,
Preform 42 gm Amber - Arova,,,STO-ITEM-.YYYY.-,,Preform 42 gm Amber - Arova,Preform 41/42 gm,,0,0,0,Nos,0,0,1,1,0,0,0,0,0,,,0,0,,,Preform 42 gm Amber - Arova,0,2099-12-31,Purchase,,,0,,0,0,,0,0,0,0,,0,Item Attribute,1,,0,0,0,0,0,,0,,,,1,0,,0,0,,0,0,0,0,,,0,,,,0,0,,0,,,,,,,0,0,,,0,,01-Sales Return,Purchase,,,,,,,,,60743a11cd,Nos,1,,,,,,,,,abc7253c6d,Niyo Polymers,Stores - NP,,,,,,,,,,,,,,,,,,,,,,
Preform 42 gm Dark Blue - Arova,,,STO-ITEM-.YYYY.-,,Preform 42 gm Dark Blue - Arova,Preform 41/42 gm,,0,0,0,Nos,0,0,1,1,0,0,0,0,0,,,0,0,,,Preform 42 gm Dark Blue - Arova,0,2099-12-31,Purchase,,,0,,0,0,,0,0,0,0,,0,Item Attribute,1,,0,0,0,0,0,,0,,,,1,0,,0,0,,0,0,0,0,,,0,,,,0,0,,0,,,,,,,0,0,,,0,,01-Sales Return,Purchase,,,,,,,,,eaa6239182,Nos,1,,,,,,,,,e5b33bb370,Niyo Polymers,Stores - NP,,,,,,,,,,,,,,,,,,,,,,
Preform 42 gm Light Blue - Arova,,,STO-ITEM-.YYYY.-,,Preform 42 gm Light Blue - Arova,Preform 41/42 gm,,0,0,0,Nos,0,0,1,1,0,0,0,0,0,,,0,0,,,Preform 42 gm Light Blue - Arova,0,2099-12-31,Purchase,,,0,,0,0,,0,0,0,0,,0,Item Attribute,1,,0,0,0,0,0,,0,,,,1,0,,0,0,,0,0,0,0,,,0,,,,0,0,,0,,,,,,,0,0,,,0,,01-Sales Return,Purchase,,,,,,,,,b0e4022c00,Nos,1,,,,,,,,,f74b035dea,Niyo Polymers,Stores - NP,,,,,,,,,,,,,,,,,,,,,,
Preform 42 gm Clear - Niyo,,,STO-ITEM-.YYYY.-,,Preform 42 gm Clear - Niyo,Preform 41/42 gm,,0,0,0,Nos,0,0,1,1,0,0,0,0,0,,,0,0,,,Preform 42 gm Clear - Niyo,0,2099-12-31,Purchase,,,0,,0,0,,0,0,0,0,,0,Item Attribute,1,,0,0,0,0,0,,0,,,,1,0,,0,0,,0,0,0,0,,,0,,,,0,0,,0,,,,,,,0,0,,,0,,01-Sales Return,Purchase,,,,,,,,,addd4e4f82,Nos,1,,,,,,,,,2f34187cb0,Niyo Polymers,Stores - NP,,,,,,,,,,,,,,,,,,,,,,
Preform 42 gm Amber - Niyo,,,STO-ITEM-.YYYY.-,,Preform 42 gm Amber - Niyo,Preform 41/42 gm,,0,0,0,Nos,0,0,1,1,0,0,0,0,0,,,0,0,,,Preform 42 gm Amber - Niyo,0,2099-12-31,Purchase,,,0,,0,0,,0,0,0,0,,0,Item Attribute,1,,0,0,0,0,0,,0,,,,1,0,,0,0,,0,0,0,0,,,0,,,,0,0,,0,,,,,,,0,0,,,0,,01-Sales Return,Purchase,,,,,,,,,321cb9375e,Nos,1,,,,,,,,,96b2a5ba75,Niyo Polymers,Stores - NP,,,,,,,,,,,,,,,,,,,,,,
Preform 42 gm Dark Blue - Niyo,,,STO-ITEM-.YYYY.-,,Preform 42 gm Dark Blue - Niyo,Preform 41/42 gm,,0,0,0,Nos,0,0,1,1,0,0,0,0,0,,,0,0,,,Preform 42 gm Dark Blue - Niyo,0,2099-12-31,Purchase,,,0,,0,0,,0,0,0,0,,0,Item Attribute,1,,0,0,0,0,0,,0,,,,1,0,,0,0,,0,0,0,0,,,0,,,,0,0,,0,,,,,,,0,0,,,0,,01-Sales Return,Purchase,,,,,,,,,697c2c00ea,Nos,1,,,,,,,,,4ee3f200af,Niyo Polymers,Stores - NP,,,,,,,,,,,,,,,,,,,,,,
Preform 42 gm Light Blue - Niyo,,,STO-ITEM-.YYYY.-,,Preform 42 gm Light Blue - Niyo,Preform 41/42 gm,,0,0,0,Nos,0,0,1,1,0,0,0,0,0,,,0,0,,,Preform 42 gm Light Blue - Niyo,0,2099-12-31,Purchase,,,0,,0,0,,0,0,0,0,,0,Item Attribute,1,,0,0,0,0,0,,0,,,,1,0,,0,0,,0,0,0,0,,,0,,,,0,0,,0,,,,,,,0,0,,,0,,01-Sales Return,Purchase,,,,,,,,,c72850ffef,Nos,1,,,,,,,,,96016e999d,Niyo Polymers,Stores - NP,,,,,,,,,,,,,,,,,,,,,,
Preform 42 gm Clear - Mintu,,,STO-ITEM-.YYYY.-,,Preform 42 gm Clear - Mintu,Preform 41/42 gm,,0,0,0,Nos,0,0,1,1,0,0,0,0,0,,,0,0,,,Preform 42 gm Clear - Mintu,0,2099-12-31,Purchase,,,0,,0,0,,0,0,0,0,,0,Item Attribute,1,,0,0,0,0,0,,0,,,,1,0,,0,0,,0,0,0,0,,,0,,,,0,0,,0,,,,,,,0,0,,,0,,01-Sales Return,Purchase,,,,,,,,,2ae32a9a5e,Nos,1,,,,,,,,,95d5cecdb1,Niyo Polymers,Stores - NP,,,,,,,,,,,,,,,,,,,,,,
Preform 42 gm Amber - Mintu,,,STO-ITEM-.YYYY.-,,Preform 42 gm Amber - Mintu,Preform 41/42 gm,,0,0,0,Nos,0,0,1,1,0,0,0,0,0,,,0,0,,,Preform 42 gm Amber - Mintu,0,2099-12-31,Purchase,,,0,,0,0,,0,0,0,0,,0,Item Attribute,1,,0,0,0,0,0,,0,,,,1,0,,0,0,,0,0,0,0,,,0,,,,0,0,,0,,,,,,,0,0,,,0,,01-Sales Return,Purchase,,,,,,,,,251a0c13e5,Nos,1,,,,,,,,,f44f756659,Niyo Polymers,Stores - NP,,,,,,,,,,,,,,,,,,,,,,
Preform 42 gm Dark Blue - Mintu,,,STO-ITEM-.YYYY.-,,Preform 42 gm Dark Blue - Mintu,Preform 41/42 gm,,0,0,0,Nos,0,0,1,1,0,0,0,0,0,,,0,0,,,Preform 42 gm Dark Blue - Mintu,0,2099-12-31,Purchase,,,0,,0,0,,0,0,0,0,,0,Item Attribute,1,,0,0,0,0,0,,0,,,,1,0,,0,0,,0,0,0,0,,,0,,,,0,0,,0,,,,,,,0,0,,,0,,01-Sales Return,Purchase,,,,,,,,,216b6e01e7,Nos,1,,,,,,,,,0d8889a65f,Niyo Polymers,Stores - NP,,,,,,,,,,,,,,,,,,,,,,
Preform 42 gm Light Blue - Mintu,,,STO-ITEM-.YYYY.-,,Preform 42 gm Light Blue - Mintu,Preform 41/42 gm,,0,0,0,Nos,0,0,1,1,0,0,0,0,0,,,0,0,,,Preform 42 gm Light Blue - Mintu,0,2099-12-31,Purchase,,,0,,0,0,,0,0,0,0,,0,Item Attribute,1,,0,0,0,0,0,,0,,,,1,0,,0,0,,0,0,0,0,,,0,,,,0,0,,0,,,,,,,0,0,,,0,,01-Sales Return,Purchase,,,,,,,,,9378e44cbd,Nos,1,,,,,,,,,ebd678046a,Niyo Polymers,Stores - NP,,,,,,,,,,,,,,,,,,,,,,
Preform 65 gm Clear - Arova,,,STO-ITEM-.YYYY.-,,Preform 65 gm Clear - Arova,Preform 65 gm,,0,0,0,Nos,0,0,1,1,0,0,0,0,0,,,0,0,,,Preform 65 gm Clear - Arova,0,2099-12-31,Purchase,,,0,,0,0,,0,0,0,0,,0,Item Attribute,1,,0,0,0,7.65,0,,0,,,,1,0,,0,0,,0,0,0,0,,,0,,,,0,0,,0,,,,,,,0,0,,,0,,01-Sales Return,Purchase,,,,,,,,,9f09cb1fad,Nos,1,,,,,,,,,74c06cb4ff,Niyo Polymers,Stores - NP,,,,,,,,,,,,,,,,,,,,,,
Preform 65 gm Amber - Arova,,,STO-ITEM-.YYYY.-,,Preform 65 gm Amber - Arova,Preform 65 gm,,0,0,0,Nos,0,0,1,1,0,0,0,0,0,,,0,0,,,Preform 65 gm Amber - Arova,0,2099-12-31,Purchase,,,0,,0,0,,0,0,0,0,,0,Item Attribute,1,,0,0,0,0,0,,0,,,,1,0,,0,0,,0,0,0,0,,,0,,,,0,0,,0,,,,,,,0,0,,,0,,01-Sales Return,Purchase,,,,,,,,,0d3f515842,Nos,1,,,,,,,,,85395fa563,Niyo Polymers,Stores - NP,,,,,,,,,,,,,,,,,,,,,,
Preform 65 gm Dark Blue - Arova,,,STO-ITEM-.YYYY.-,,Preform 65 gm Dark Blue - Arova,Preform 65 gm,,0,0,0,Nos,0,0,1,1,0,0,0,0,0,,,0,0,,,Preform 65 gm Dark Blue - Arova,0,2099-12-31,Purchase,,,0,,0,0,,0,0,0,0,,0,Item Attribute,1,,0,0,0,0,0,,0,,,,1,0,,0,0,,0,0,0,0,,,0,,,,0,0,,0,,,,,,,0,0,,,0,,01-Sales Return,Purchase,,,,,,,,,60ac58f82c,Nos,1,,,,,,,,,8ff070d2b3,Niyo Polymers,Stores - NP,,,,,,,,,,,,,,,,,,,,,,
Preform 65 gm Light Blue - Arova,,,STO-ITEM-.YYYY.-,,Preform 65 gm Light Blue - Arova,Preform 65 gm,,0,0,0,Nos,0,0,1,1,0,0,0,0,0,,,0,0,,,Preform 65 gm Light Blue - Arova,0,2099-12-31,Purchase,,,0,,0,0,,0,0,0,0,,0,Item Attribute,1,,0,0,0,0,0,,0,,,,1,0,,0,0,,0,0,0,0,,,0,,,,0,0,,0,,,,,,,0,0,,,0,,01-Sales Return,Purchase,,,,,,,,,a41400f2b8,Nos,1,,,,,,,,,698d0b7690,Niyo Polymers,Stores - NP,,,,,,,,,,,,,,,,,,,,,,
Preform 65 gm Clear - Niyo,,,STO-ITEM-.YYYY.-,,Preform 65 gm Clear - Niyo,Preform 65 gm,,0,0,0,Nos,0,0,1,1,0,0,0,0,0,,,0,0,,,Preform 65 gm Clear - Niyo,0,2099-12-31,Purchase,,,0,,0,0,,0,0,0,0,,0,Item Attribute,1,,0,0,0,0,0,,0,,,,1,0,,0,0,,0,0,0,0,,,0,,,,0,0,,0,,,,,,,0,0,,,0,,01-Sales Return,Purchase,,,,,,,,,dae6b4daf4,Nos,1,,,,,,,,,0965c9e1e4,Niyo Polymers,Stores - NP,,,,,,,,,,,,,,,,,,,,,,
Preform 65 gm Amber - Niyo,,,STO-ITEM-.YYYY.-,,Preform 65 gm Amber - Niyo,Preform 65 gm,,0,0,0,Nos,0,0,1,1,0,0,0,0,0,,,0,0,,,Preform 65 gm Amber - Niyo,0,2099-12-31,Purchase,,,0,,0,0,,0,0,0,0,,0,Item Attribute,1,,0,0,0,0,0,,0,,,,1,0,,0,0,,0,0,0,0,,,0,,,,0,0,,0,,,,,,,0,0,,,0,,01-Sales Return,Purchase,,,,,,,,,c7b90b5135,Nos,1,,,,,,,,,8c6df38b82,Niyo Polymers,Stores - NP,,,,,,,,,,,,,,,,,,,,,,
Preform 65 gm Dark Blue - Niyo,,,STO-ITEM-.YYYY.-,,Preform 65 gm Dark Blue - Niyo,Preform 65 gm,,0,0,0,Nos,0,0,1,1,0,0,0,0,0,,,0,0,,,Preform 65 gm Dark Blue - Niyo,0,2099-12-31,Purchase,,,0,,0,0,,0,0,0,0,,0,Item Attribute,1,,0,0,0,0,0,,0,,,,1,0,,0,0,,0,0,0,0,,,0,,,,0,0,,0,,,,,,,0,0,,,0,,01-Sales Return,Purchase,,,,,,,,,fa6c4dafbd,Nos,1,,,,,,,,,6f8213b96a,Niyo Polymers,Stores - NP,,,,,,,,,,,,,,,,,,,,,,
Preform 65 gm Light Blue - Niyo,,,STO-ITEM-.YYYY.-,,Preform 65 gm Light Blue - Niyo,Preform 65 gm,,0,0,0,Nos,0,0,1,1,0,0,0,0,0,,,0,0,,,Preform 65 gm Light Blue - Niyo,0,2099-12-31,Purchase,,,0,,0,0,,0,0,0,0,,0,Item Attribute,1,,0,0,0,0,0,,0,,,,1,0,,0,0,,0,0,0,0,,,0,,,,0,0,,0,,,,,,,0,0,,,0,,01-Sales Return,Purchase,,,,,,,,,b5752b8cda,Nos,1,,,,,,,,,38fc357b5b,Niyo Polymers,Stores - NP,,,,,,,,,,,,,,,,,,,,,,
Preform 70 gm Clear - Arova,,,STO-ITEM-.YYYY.-,,Preform 70 gm Clear - Arova,Preform 70 gm,,0,0,0,Nos,0,0,1,1,0,0,0,0,0,,,0,0,,,Preform 70 gm Clear - Arova,0,2099-12-31,Purchase,,,0,,0,0,,0,0,0,0,,0,Item Attribute,1,,0,0,0,0,0,,0,,,,1,0,,0,0,,0,0,0,0,,,0,,,,0,0,,0,,,,,,,0,0,,,0,,01-Sales Return,Purchase,,,,,,,,,405e53d5da,Nos,1,,,,,,,,,7b17bf67b3,Niyo Polymers,Stores - NP,,,,,,,,,,,,,,,,,,,,,,
Preform 70 gm Amber - Arova,,,STO-ITEM-.YYYY.-,,Preform 70 gm Amber - Arova,Preform 70 gm,,0,0,0,Nos,0,0,1,1,0,0,0,0,0,,,0,0,,,Preform 70 gm Amber - Arova,0,2099-12-31,Purchase,,,0,,0,0,,0,0,0,0,,0,Item Attribute,1,,0,0,0,0,0,,0,,,,1,0,,0,0,,0,0,0,0,,,0,,,,0,0,,0,,,,,,,0,0,,,0,,01-Sales Return,Purchase,,,,,,,,,be11698d4b,Nos,1,,,,,,,,,d0dca21165,Niyo Polymers,Stores - NP,,,,,,,,,,,,,,,,,,,,,,
Preform 70 gm Dark Blue - Arova,,,STO-ITEM-.YYYY.-,,Preform 70 gm Dark Blue - Arova,Preform 70 gm,,0,0,0,Nos,0,0,1,1,0,0,0,0,0,,,0,0,,,Preform 70 gm Dark Blue - Arova,0,2099-12-31,Purchase,,,0,,0,0,,0,0,0,0,,0,Item Attribute,1,,0,0,0,0,0,,0,,,,1,0,,0,0,,0,0,0,0,,,0,,,,0,0,,0,,,,,,,0,0,,,0,,01-Sales Return,Purchase,,,,,,,,,66e2a36c29,Nos,1,,,,,,,,,e300900e2f,Niyo Polymers,Stores - NP,,,,,,,,,,,,,,,,,,,,,,
Preform 70 gm Light Blue - Arova,,,STO-ITEM-.YYYY.-,,Preform 70 gm Light Blue - Arova,Preform 70 gm,,0,0,0,Nos,0,0,1,1,0,0,0,0,0,,,0,0,,,Preform 70 gm Light Blue - Arova,0,2099-12-31,Purchase,,,0,,0,0,,0,0,0,0,,0,Item Attribute,1,,0,0,0,0,0,,0,,,,1,0,,0,0,,0,0,0,0,,,0,,,,0,0,,0,,,,,,,0,0,,,0,,01-Sales Return,Purchase,,,,,,,,,a0cf391edd,Nos,1,,,,,,,,,0618ea88c1,Niyo Polymers,Stores - NP,,,,,,,,,,,,,,,,,,,,,,
Preform 70 gm Clear - Niyo,,,STO-ITEM-.YYYY.-,,Preform 70 gm Clear - Niyo,Preform 70 gm,,0,0,0,Nos,0,0,1,1,0,0,0,0,0,,,0,0,,,Preform 70 gm Clear - Niyo,0,2099-12-31,Purchase,,,0,,0,0,,0,0,0,0,,0,Item Attribute,1,,0,0,0,0,0,,0,,,,1,0,,0,0,,0,0,0,0,,,0,,,,0,0,,0,,,,,,,0,0,,,0,,01-Sales Return,Purchase,,,,,,,,,75e3c6993d,Nos,1,,,,,,,,,661d6a8df9,Niyo Polymers,Stores - NP,,,,,,,,,,,,,,,,,,,,,,
Preform 70 gm Amber - Niyo,,,STO-ITEM-.YYYY.-,,Preform 70 gm Amber - Niyo,Preform 70 gm,,0,0,0,Nos,0,0,1,1,0,0,0,0,0,,,0,0,,,Preform 70 gm Amber - Niyo,0,2099-12-31,Purchase,,,0,,0,0,,0,0,0,0,,0,Item Attribute,1,,0,0,0,0,0,,0,,,,1,0,,0,0,,0,0,0,0,,,0,,,,0,0,,0,,,,,,,0,0,,,0,,01-Sales Return,Purchase,,,,,,,,,9bdf089bbd,Nos,1,,,,,,,,,27065a58e9,Niyo Polymers,Stores - NP,,,,,,,,,,,,,,,,,,,,,,
Preform 70 gm Dark Blue - Niyo,,,STO-ITEM-.YYYY.-,,Preform 70 gm Dark Blue - Niyo,Preform 70 gm,,0,0,0,Nos,0,0,1,1,0,0,0,0,0,,,0,0,,,Preform 70 gm Dark Blue - Niyo,0,2099-12-31,Purchase,,,0,,0,0,,0,0,0,0,,0,Item Attribute,1,,0,0,0,0,0,,0,,,,1,0,,0,0,,0,0,0,0,,,0,,,,0,0,,0,,,,,,,0,0,,,0,,01-Sales Return,Purchase,,,,,,,,,bfdd10dd3d,Nos,1,,,,,,,,,b62a320f20,Niyo Polymers,Stores - NP,,,,,,,,,,,,,,,,,,,,,,
Preform 70 gm Light Blue - Niyo,,,STO-ITEM-.YYYY.-,,Preform 70 gm Light Blue - Niyo,Preform 70 gm,,0,0,0,Nos,0,0,1,1,0,0,0,0,0,,,0,0,,,Preform 70 gm Light Blue - Niyo,0,2099-12-31,Purchase,,,0,,0,0,,0,0,0,0,,0,Item Attribute,1,,0,0,0,0,0,,0,,,,1,0,,0,0,,0,0,0,0,,,0,,,,0,0,,0,,,,,,,0,0,,,0,,01-Sales Return,Purchase,,,,,,,,,5d33cb35a0,Nos,1,,,,,,,,,580b05b6fa,Niyo Polymers,Stores - NP,,,,,,,,,,,,,,,,,,,,,,
Preform 95 gm Clear - Niyo,,,STO-ITEM-.YYYY.-,,Preform 95 gm Clear - Niyo,Preform 95 gm,,0,0,0,Nos,0,0,1,1,0,0,0,0,0,,,0,0,,,Preform 95 gm Clear - Niyo,0,2099-12-31,Purchase,,,0,,0,0,,0,0,0,0,,0,Item Attribute,1,,0,0,0,0,0,,0,,,,1,0,,0,0,,0,0,0,0,,,0,,,,0,0,,0,,,,,,,0,0,,,0,,01-Sales Return,Purchase,,,,,,,,,435100f44d,Nos,1,,,,,,,,,f3fc64225d,Niyo Polymers,Stores - NP,,,,,,,,,,,,,,,,,,,,,,
Preform 95 gm Amber - Niyo,,,STO-ITEM-.YYYY.-,,Preform 95 gm Amber - Niyo,Preform 95 gm,,0,0,0,Nos,0,0,1,1,0,0,0,0,0,,,0,0,,,Preform 95 gm Amber - Niyo,0,2099-12-31,Purchase,,,0,,0,0,,0,0,0,0,,0,Item Attribute,1,,0,0,0,0,0,,0,,,,1,0,,0,0,,0,0,0,0,,,0,,,,0,0,,0,,,,,,,0,0,,,0,,01-Sales Return,Purchase,,,,,,,,,4ed9863ed9,Nos,1,,,,,,,,,3a5ecf27b7,Niyo Polymers,Stores - NP,,,,,,,,,,,,,,,,,,,,,,
Preform 95 gm Dark Blue - Niyo,,,STO-ITEM-.YYYY.-,,Preform 95 gm Dark Blue - Niyo,Preform 95 gm,,0,0,0,Nos,0,0,1,1,0,0,0,0,0,,,0,0,,,Preform 95 gm Dark Blue - Niyo,0,2099-12-31,Purchase,,,0,,0,0,,0,0,0,0,,0,Item Attribute,1,,0,0,0,0,0,,0,,,,1,0,,0,0,,0,0,0,0,,,0,,,,0,0,,0,,,,,,,0,0,,,0,,01-Sales Return,Purchase,,,,,,,,,6b7d07893a,Nos,1,,,,,,,,,8f7242e241,Niyo Polymers,Stores - NP,,,,,,,,,,,,,,,,,,,,,,
Preform 95 gm Light Blue - Niyo,,,STO-ITEM-.YYYY.-,,Preform 95 gm Light Blue - Niyo,Preform 95 gm,,0,0,0,Nos,0,0,1,1,0,0,0,0,0,,,0,0,,,Preform 95 gm Light Blue - Niyo,0,2099-12-31,Purchase,,,0,,0,0,,0,0,0,0,,0,Item Attribute,1,,0,0,0,0,0,,0,,,,1,0,,0,0,,0,0,0,0,,,0,,,,0,0,,0,,,,,,,0,0,,,0,,01-Sales Return,Purchase,,,,,,,,,e798323329,Nos,1,,,,,,,,,528e49fb46,Niyo Polymers,Stores - NP,,,,,,,,,,,,,,,,,,,,,,
Preform 95 gm Clear - Arova,,,STO-ITEM-.YYYY.-,,Preform 95 gm Clear - Arova,Preform 95 gm,,0,0,0,Nos,0,0,1,1,0,0,0,0,0,,,0,0,,,Preform 95 gm Clear - Arova,0,2099-12-31,Purchase,,,0,,0,0,,0,0,0,0,,0,Item Attribute,1,,0,0,0,0,0,,0,,,,1,0,,0,0,,0,0,0,0,,,0,,,,0,0,,0,,,,,,,0,0,,,0,,01-Sales Return,Purchase,,,,,,,,,7653788894,Nos,1,,,,,,,,,73f46b9e5f,Niyo Polymers,Stores - NP,,,,,,,,,,,,,,,,,,,,,,
Preform 95 gm Amber - Arova,,,STO-ITEM-.YYYY.-,,Preform 95 gm Amber - Arova,Preform 95 gm,,0,0,0,Nos,0,0,1,1,0,0,0,0,0,,,0,0,,,Preform 95 gm Amber - Arova,0,2099-12-31,Purchase,,,0,,0,0,,0,0,0,0,,0,Item Attribute,1,,0,0,0,0,0,,0,,,,1,0,,0,0,,0,0,0,0,,,0,,,,0,0,,0,,,,,,,0,0,,,0,,01-Sales Return,Purchase,,,,,,,,,4f2cb7c2b3,Nos,1,,,,,,,,,25f35e0f46,Niyo Polymers,Stores - NP,,,,,,,,,,,,,,,,,,,,,,
Preform 95 gm Dark Blue - Arova,,,STO-ITEM-.YYYY.-,,Preform 95 gm Dark Blue - Arova,Preform 95 gm,,0,0,0,Nos,0,0,1,1,0,0,0,0,0,,,0,0,,,Preform 95 gm Dark Blue - Arova,0,2099-12-31,Purchase,,,0,,0,0,,0,0,0,0,,0,Item Attribute,1,,0,0,0,0,0,,0,,,,1,0,,0,0,,0,0,0,0,,,0,,,,0,0,,0,,,,,,,0,0,,,0,,01-Sales Return,Purchase,,,,,,,,,c3fe94544e,Nos,1,,,,,,,,,b72de0dbc9,Niyo Polymers,Stores - NP,,,,,,,,,,,,,,,,,,,,,,
Preform 95 gm Light Blue - Arova,,,STO-ITEM-.YYYY.-,,Preform 95 gm Light Blue - Arova,Preform 95 gm,,0,0,0,Nos,0,0,1,1,0,0,0,0,0,,,0,0,,,Preform 95 gm Light Blue - Arova,0,2099-12-31,Purchase,,,0,,0,0,,0,0,0,0,,0,Item Attribute,1,,0,0,0,0,0,,0,,,,1,0,,0,0,,0,0,0,0,,,0,,,,0,0,,0,,,,,,,0,0,,,0,,01-Sales Return,Purchase,,,,,,,,,4bcb00f404,Nos,1,,,,,,,,,fc5ea2e2cc,Niyo Polymers,Stores - NP,,,,,,,,,,,,,,,,,,,,,,
Preform 10 gm Clear - Tulips,,,STO-ITEM-.YYYY.-,,Preform 10 gm Clear - Tulips,Preform 10 gm,,0,0,0,Nos,0,0,1,1,0,0,0,0,0,,,0,0,,,Preform 10 gm Clear - Tulips,0,2099-12-31,Purchase,,,0,,0,0,,0,0,0,0,,0,Item Attribute,1,,0,0,0,0,0,,0,,,,1,0,,0,0,,0,0,0,0,,,0,,,,0,0,,0,,,,,,,0,0,,,0,,01-Sales Return,Purchase,,,,,,,,,ff5842ad3f,Nos,1,,,,,,,,,82d58b3a59,Niyo Polymers,Stores - NP,,,,,,,,,,,,,,,,,,,,,,
Preform 10 gm Amber - Tulips,,,STO-ITEM-.YYYY.-,,Preform 10 gm Amber - Tulips,Preform 10 gm,,0,0,0,Nos,0,0,1,1,0,0,0,0,0,,,0,0,,,Preform 10 gm Amber - Tulips,0,2099-12-31,Purchase,,,0,,0,0,,0,0,0,0,,0,Item Attribute,1,,0,0,0,0,0,,0,,,,1,0,,0,0,,0,0,0,0,,,0,,,,0,0,,0,,,,,,,0,0,,,0,,01-Sales Return,Purchase,,,,,,,,,dbd45fa4f3,Nos,1,,,,,,,,,2011d652ef,Niyo Polymers,Stores - NP,,,,,,,,,,,,,,,,,,,,,,
Preform 10 gm Dark Blue - Tulips,,,STO-ITEM-.YYYY.-,,Preform 10 gm Dark Blue - Tulips,Preform 10 gm,,0,0,0,Nos,0,0,1,1,0,0,0,0,0,,,0,0,,,Preform 10 gm Dark Blue - Tulips,0,2099-12-31,Purchase,,,0,,0,0,,0,0,0,0,,0,Item Attribute,1,,0,0,0,0,0,,0,,,,1,0,,0,0,,0,0,0,0,,,0,,,,0,0,,0,,,,,,,0,0,,,0,,01-Sales Return,Purchase,,,,,,,,,87c812f65b,Nos,1,,,,,,,,,3d03ba37c3,Niyo Polymers,Stores - NP,,,,,,,,,,,,,,,,,,,,,,
Preform 10 gm Light Blue - Tulips,,,STO-ITEM-.YYYY.-,,Preform 10 gm Light Blue - Tulips,Preform 10 gm,,0,0,0,Nos,0,0,1,1,0,0,0,0,0,,,0,0,,,Preform 10 gm Light Blue - Tulips,0,2099-12-31,Purchase,,,0,,0,0,,0,0,0,0,,0,Item Attribute,1,,0,0,0,0,0,,0,,,,1,0,,0,0,,0,0,0,0,,,0,,,,0,0,,0,,,,,,,0,0,,,0,,01-Sales Return,Purchase,,,,,,,,,d0906d4578,Nos,1,,,,,,,,,6f8558e39b,Niyo Polymers,Stores - NP,,,,,,,,,,,,,,,,,,,,,,
Preform 24 gm Clear - Arova,,,STO-ITEM-.YYYY.-,,Preform 24 gm Clear - Arova,Preform 24 gm,,0,0,0,Nos,0,0,1,1,0,0,0,0,0,,,0,0,,,Preform 24 gm Clear - Arova,0,2099-12-31,Purchase,,,0,,0,0,,0,0,0,0,,0,Item Attribute,1,,0,0,0,0,0,,0,,,,1,0,,0,0,,0,0,0,0,,,0,,,,0,0,,0,,,,,,,0,0,,,0,,01-Sales Return,Purchase,,,,,,,,,44938ce720,Nos,1,,,,,,,,,4b72a6772a,Niyo Polymers,Stores - NP,,,,,,,,,,,,,,,,,,,,,,
Preform 24 gm Amber - Arova,,,STO-ITEM-.YYYY.-,,Preform 24 gm Amber - Arova,Preform 24 gm,,0,0,0,Nos,0,0,1,1,0,0,0,0,0,,,0,0,,,Preform 24 gm Amber - Arova,0,2099-12-31,Purchase,,,0,,0,0,,0,0,0,0,,0,Item Attribute,1,,0,0,0,0,0,,0,,,,1,0,,0,0,,0,0,0,0,,,0,,,,0,0,,0,,,,,,,0,0,,,0,,01-Sales Return,Purchase,,,,,,,,,99fbd718dc,Nos,1,,,,,,,,,c483167299,Niyo Polymers,Stores - NP,,,,,,,,,,,,,,,,,,,,,,
Preform 24 gm Dark Blue - Arova,,,STO-ITEM-.YYYY.-,,Preform 24 gm Dark Blue - Arova,Preform 24 gm,,0,0,0,Nos,0,0,1,1,0,0,0,0,0,,,0,0,,,Preform 24 gm Dark Blue - Arova,0,2099-12-31,Purchase,,,0,,0,0,,0,0,0,0,,0,Item Attribute,1,,0,0,0,0,0,,0,,,,1,0,,0,0,,0,0,0,0,,,0,,,,0,0,,0,,,,,,,0,0,,,0,,01-Sales Return,Purchase,,,,,,,,,358b60ac5e,Nos,1,,,,,,,,,92596d6dab,Niyo Polymers,Stores - NP,,,,,,,,,,,,,,,,,,,,,,
Preform 24 gm Light Blue - Arova,,,STO-ITEM-.YYYY.-,,Preform 24 gm Light Blue - Arova,Preform 24 gm,,0,0,0,Nos,0,0,1,1,0,0,0,0,0,,,0,0,,,Preform 24 gm Light Blue - Arova,0,2099-12-31,Purchase,,,0,,0,0,,0,0,0,0,,0,Item Attribute,1,,0,0,0,0,0,,0,,,,1,0,,0,0,,0,0,0,0,,,0,,,,0,0,,0,,,,,,,0,0,,,0,,01-Sales Return,Purchase,,,,,,,,,3d00bb6b8a,Nos,1,,,,,,,,,c4780cc1cb,Niyo Polymers,Stores - NP,,,,,,,,,,,,,,,,,,,,,,
Preform 54 gm Clear - Arova,,,STO-ITEM-.YYYY.-,,Preform 54 gm Clear - Arova,Preform 54 gm,,0,0,0,Nos,0,0,1,1,0,0,0,0,0,,,0,0,,,Preform 54 gm Clear - Arova,0,2099-12-31,Purchase,,,0,,0,0,,0,0,0,0,,0,Item Attribute,1,,0,0,0,0,0,,0,,,,1,0,,0,0,,0,0,0,0,,,0,,,,0,0,,0,,,,,,,0,0,,,0,,01-Sales Return,Purchase,,,,,,,,,2bd6fdcfec,Nos,1,,,,,,,,,80e4788e09,Niyo Polymers,Stores - NP,,,,,,,,,,,,,,,,,,,,,,
Preform 54 gm Amber - Arova,,,STO-ITEM-.YYYY.-,,Preform 54 gm Amber - Arova,Preform 54 gm,,0,0,0,Nos,0,0,1,1,0,0,0,0,0,,,0,0,,,Preform 54 gm Amber - Arova,0,2099-12-31,Purchase,,,0,,0,0,,0,0,0,0,,0,Item Attribute,1,,0,0,0,0,0,,0,,,,1,0,,0,0,,0,0,0,0,,,0,,,,0,0,,0,,,,,,,0,0,,,0,,01-Sales Return,Purchase,,,,,,,,,96c8b3cc6f,Nos,1,,,,,,,,,a1b948fa7d,Niyo Polymers,Stores - NP,,,,,,,,,,,,,,,,,,,,,,
Preform 54 gm Dark Blue - Arova,,,STO-ITEM-.YYYY.-,,Preform 54 gm Dark Blue - Arova,Preform 54 gm,,0,0,0,Nos,0,0,1,1,0,0,0,0,0,,,0,0,,,Preform 54 gm Dark Blue - Arova,0,2099-12-31,Purchase,,,0,,0,0,,0,0,0,0,,0,Item Attribute,1,,0,0,0,0,0,,0,,,,1,0,,0,0,,0,0,0,0,,,0,,,,0,0,,0,,,,,,,0,0,,,0,,01-Sales Return,Purchase,,,,,,,,,1454867cc1,Nos,1,,,,,,,,,ddc19c46fb,Niyo Polymers,Stores - NP,,,,,,,,,,,,,,,,,,,,,,
Preform 54 gm Light Blue - Arova,,,STO-ITEM-.YYYY.-,,Preform 54 gm Light Blue - Arova,Preform 54 gm,,0,0,0,Nos,0,0,1,1,0,0,0,0,0,,,0,0,,,Preform 54 gm Light Blue - Arova,0,2099-12-31,Purchase,,,0,,0,0,,0,0,0,0,,0,Item Attribute,1,,0,0,0,0,0,,0,,,,1,0,,0,0,,0,0,0,0,,,0,,,,0,0,,0,,,,,,,0,0,,,0,,01-Sales Return,Purchase,,,,,,,,,086704ab5d,Nos,1,,,,,,,,,d4ea0db0c4,Niyo Polymers,Stores - NP,,,,,,,,,,,,,,,,,,,,,,
Preform 54 gm Clear - Niyo,,,STO-ITEM-.YYYY.-,,Preform 54 gm Clear - Niyo,Preform 54 gm,,0,0,0,Nos,0,0,1,1,0,0,0,0,0,,,0,0,,,Preform 54 gm Clear - Niyo,0,2099-12-31,Purchase,,,0,,0,0,,0,0,0,0,,0,Item Attribute,1,,0,0,0,0,0,,0,,,,1,0,,0,0,,0,0,0,0,,,0,,,,0,0,,0,,,,,,,0,0,,,0,,01-Sales Return,Purchase,,,,,,,,,5511be7668,Nos,1,,,,,,,,,38b2c56911,Niyo Polymers,Stores - NP,,,,,,,,,,,,,,,,,,,,,,
Preform 54 gm Amber - Niyo,,,STO-ITEM-.YYYY.-,,Preform 54 gm Amber - Niyo,Preform 54 gm,,0,0,0,Nos,0,0,1,1,0,0,0,0,0,,,0,0,,,Preform 54 gm Amber - Niyo,0,2099-12-31,Purchase,,,0,,0,0,,0,0,0,0,,0,Item Attribute,1,,0,0,0,0,0,,0,,,,1,0,,0,0,,0,0,0,0,,,0,,,,0,0,,0,,,,,,,0,0,,,0,,01-Sales Return,Purchase,,,,,,,,,33f08f4f12,Nos,1,,,,,,,,,a6d353ed8f,Niyo Polymers,Stores - NP,,,,,,,,,,,,,,,,,,,,,,
Preform 54 gm Dark Blue - Niyo,,,STO-ITEM-.YYYY.-,,Preform 54 gm Dark Blue - Niyo,Preform 54 gm,,0,0,0,Nos,0,0,1,1,0,0,0,0,0,,,0,0,,,Preform 54 gm Dark Blue - Niyo,0,2099-12-31,Purchase,,,0,,0,0,,0,0,0,0,,0,Item Attribute,1,,0,0,0,0,0,,0,,,,1,0,,0,0,,0,0,0,0,,,0,,,,0,0,,0,,,,,,,0,0,,,0,,01-Sales Return,Purchase,,,,,,,,,b4ba15ff2d,Nos,1,,,,,,,,,731140793c,Niyo Polymers,Stores - NP,,,,,,,,,,,,,,,,,,,,,,
Preform 54 gm Light Blue - Niyo,,,STO-ITEM-.YYYY.-,,Preform 54 gm Light Blue - Niyo,Preform 54 gm,,0,0,0,Nos,0,0,1,1,0,0,0,0,0,,,0,0,,,Preform 54 gm Light Blue - Niyo,0,2099-12-31,Purchase,,,0,,0,0,,0,0,0,0,,0,Item Attribute,1,,0,0,0,0,0,,0,,,,1,0,,0,0,,0,0,0,0,,,0,,,,0,0,,0,,,,,,,0,0,,,0,,01-Sales Return,Purchase,,,,,,,,,2e40d6a747,Nos,1,,,,,,,,,e282002102,Niyo Polymers,Stores - NP,,,,,,,,,,,,,,,,,,,,,,
Preform 6.4 gm Clear - Niyo,,,STO-ITEM-.YYYY.-,,Preform 6.4 gm Clear - Niyo,Preform 6.4 gm,,0,0,0,Nos,0,0,1,1,0,0,0,0,0,,,0,0,,,Preform 6.4 gm Clear - Niyo,0,2099-12-31,Purchase,,,0,,0,0,,0,0,0,0,,0,Item Attribute,1,,0,0,0,0,0,,0,,,,1,0,,0,0,,0,0,0,0,,,0,,,,0,0,,0,,,,,,,0,0,,,0,,01-Sales Return,Purchase,,,,,,,,,5b45f46917,Nos,1,,,,,,,,,bab8f4413a,Niyo Polymers,Stores - NP,,,,,,,,,,,,,,,,,,,,,,
Preform 6.4 gm Amber - Niyo,,,STO-ITEM-.YYYY.-,,Preform 6.4 gm Amber - Niyo,Preform 6.4 gm,,0,0,0,Nos,0,0,1,1,0,0,0,0,0,,,0,0,,,Preform 6.4 gm Amber - Niyo,0,2099-12-31,Purchase,,,0,,0,0,,0,0,0,0,,0,Item Attribute,1,,0,0,0,0,0,,0,,,,1,0,,0,0,,0,0,0,0,,,0,,,,0,0,,0,,,,,,,0,0,,,0,,01-Sales Return,Purchase,,,,,,,,,99788f2e9f,Nos,1,,,,,,,,,1cf0ad80e0,Niyo Polymers,Stores - NP,,,,,,,,,,,,,,,,,,,,,,
Preform 6.4 gm Dark Blue - Niyo,,,STO-ITEM-.YYYY.-,,Preform 6.4 gm Dark Blue - Niyo,Preform 6.4 gm,,0,0,0,Nos,0,0,1,1,0,0,0,0,0,,,0,0,,,Preform 6.4 gm Dark Blue - Niyo,0,2099-12-31,Purchase,,,0,,0,0,,0,0,0,0,,0,Item Attribute,1,,0,0,0,0,0,,0,,,,1,0,,0,0,,0,0,0,0,,,0,,,,0,0,,0,,,,,,,0,0,,,0,,01-Sales Return,Purchase,,,,,,,,,7aa6fa14da,Nos,1,,,,,,,,,92cb481785,Niyo Polymers,Stores - NP,,,,,,,,,,,,,,,,,,,,,,
Preform 6.4 gm Light Blue - Niyo,,,STO-ITEM-.YYYY.-,,Preform 6.4 gm Light Blue - Niyo,Preform 6.4 gm,,0,0,0,Nos,0,0,1,1,0,0,0,0,0,,,0,0,,,Preform 6.4 gm Light Blue - Niyo,0,2099-12-31,Purchase,,,0,,0,0,,0,0,0,0,,0,Item Attribute,1,,0,0,0,0,0,,0,,,,1,0,,0,0,,0,0,0,0,,,0,,,,0,0,,0,,,,,,,0,0,,,0,,01-Sales Return,Purchase,,,,,,,,,54e83289d5,Nos,1,,,,,,,,,3887660485,Niyo Polymers,Stores - NP,,,,,,,,,,,,,,,,,,,,,,
Preform 7 gm Clear - Tulips,,,STO-ITEM-.YYYY.-,,Preform 7 gm Clear - Tulips,Preform 7 gm,,0,0,0,Nos,0,0,1,1,0,0,0,0,0,,,0,0,,,Preform 7 gm Clear - Tulips,0,2099-12-31,Purchase,,,0,,0,0,,0,0,0,0,,0,Item Attribute,1,,0,0,0,0,0,,0,,,,1,0,,0,0,,0,0,0,0,,,0,,,,0,0,,0,,,,,,,0,0,,,0,,01-Sales Return,Purchase,,,,,,,,,1c04fdef18,Nos,1,,,,,,,,,4f842ab86d,Niyo Polymers,Stores - NP,,,,,,,,,,,,,,,,,,,,,,
Preform 7 gm Amber - Tulips,,,STO-ITEM-.YYYY.-,,Preform 7 gm Amber - Tulips,Preform 7 gm,,0,0,0,Nos,0,0,1,1,0,0,0,0,0,,,0,0,,,Preform 7 gm Amber - Tulips,0,2099-12-31,Purchase,,,0,,0,0,,0,0,0,0,,0,Item Attribute,1,,0,0,0,0,0,,0,,,,1,0,,0,0,,0,0,0,0,,,0,,,,0,0,,0,,,,,,,0,0,,,0,,01-Sales Return,Purchase,,,,,,,,,aae142b13a,Nos,1,,,,,,,,,fddfec23f9,Niyo Polymers,Stores - NP,,,,,,,,,,,,,,,,,,,,,,
Preform 7 gm Dark Blue - Tulips,,,STO-ITEM-.YYYY.-,,Preform 7 gm Dark Blue - Tulips,Preform 7 gm,,0,0,0,Nos,0,0,1,1,0,0,0,0,0,,,0,0,,,Preform 7 gm Dark Blue - Tulips,0,2099-12-31,Purchase,,,0,,0,0,,0,0,0,0,,0,Item Attribute,1,,0,0,0,0,0,,0,,,,1,0,,0,0,,0,0,0,0,,,0,,,,0,0,,0,,,,,,,0,0,,,0,,01-Sales Return,Purchase,,,,,,,,,6e36ecf29a,Nos,1,,,,,,,,,8f63a14944,Niyo Polymers,Stores - NP,,,,,,,,,,,,,,,,,,,,,,
Preform 7 gm Light Blue - Tulips,,,STO-ITEM-.YYYY.-,,Preform 7 gm Light Blue - Tulips,Preform 7 gm,,0,0,0,Nos,0,0,1,1,0,0,0,0,0,,,0,0,,,Preform 7 gm Light Blue - Tulips,0,2099-12-31,Purchase,,,0,,0,0,,0,0,0,0,,0,Item Attribute,1,,0,0,0,0,0,,0,,,,1,0,,0,0,,0,0,0,0,,,0,,,,0,0,,0,,,,,,,0,0,,,0,,01-Sales Return,Purchase,,,,,,,,,300afd899f,Nos,1,,,,,,,,,424af9f222,Niyo Polymers,Stores - NP,,,,,,,,,,,,,,,,,,,,,,
200 ml tulips,,,STO-ITEM-.YYYY.-,,200 ml tulips,Tulips,,0,0,0,Nos,0,0,1,1,0,0,0,0,0,,,0,0,,,200 ml tulips,0,2099-12-31,Purchase,,,0,,0,0,,0,0,0,0,,0,Item Attribute,1,,0,0,0,0,0,,0,Ethiopia,,,1,0,,0,0,,0,0,0,0,,,0,,,,0,0,,0,,,,,,,0,0,,,0,,01-Sales Return,Purchase,,,,,,,,,307c13c97c,Nos,1,,,,,,,,,93cb9341fc,Niyo Polymers,Stores - NP,,,,,,,,,,,,,,,,,,,,,,
100 ml tulips,,,STO-ITEM-.YYYY.-,,100 ml tulips,Tulips,,0,0,0,Nos,0,0,1,1,0,0,0,0,0,,,0,0,,,100 ml tulips,0,2099-12-31,Purchase,,,0,,0,0,,0,0,0,0,,0,Item Attribute,1,,0,0,0,0,0,,0,Ethiopia,,,1,0,,0,0,,0,0,0,0,,,0,,,,0,0,,0,,,,,,,0,0,,,0,,01-Sales Return,Purchase,,,,,,,,,113a7ba2a9,Nos,1,,,,,,,,,a1cd3bd6af,Niyo Polymers,Stores - NP,,,,,,,,,,,,,,,,,,,,,,
Honey Jar with cap,,,STO-ITEM-.YYYY.-,,Honey Jar with cap,Honey Jar,,0,0,0,Nos,0,0,1,1,0,0,0,0,0,,,0,0,,,Honey Jar with cap,0,2099-12-31,Purchase,,,0,,0,0,,0,0,0,0,,0,Item Attribute,1,,0,0,0,0,0,,0,Ethiopia,,,1,0,,0,0,,0,0,0,0,,,0,,,,0,0,,0,,,,,,,0,0,,,0,,01-Sales Return,Purchase,,,,,,,,,93b9f3d018,Nos,1,,,,,,,,,130d362f1a,Niyo Polymers,Stores - NP,,,,,,,,,,,,,,,,,,,,,,
5 L Oil Bottle,,,STO-ITEM-.YYYY.-,,5 L Oil Bottle,5 L,,0,0,0,Nos,0,0,1,1,0,0,0,0,0,,,0,0,,,5 L Oil Bottle,0,2099-12-31,Purchase,,,0,,0,0,,0,0,0,0,,0,Item Attribute,1,,0,0,0,0,0,,0,Ethiopia,,,1,0,,0,0,,0,0,0,0,,,0,,,,0,0,,0,,,,,,,0,0,,,0,,01-Sales Return,Purchase,,,,,,,,,a618ff74b2,Nos,1,,,,,,,,,818663ac88,Niyo Polymers,Stores - NP,,,,,,,,,,,,,,,,,,,,,,
3 L Oil Bottle,,,STO-ITEM-.YYYY.-,,3 L Oil Bottle,3 L,,0,0,0,Nos,0,0,1,1,0,0,0,0,0,,,0,0,,,3 L Oil Bottle,0,2099-12-31,Purchase,,,0,,0,0,,0,0,0,0,,0,Item Attribute,1,,0,0,0,0,0,,0,Ethiopia,,,1,0,,0,0,,0,0,0,0,,,0,,,,0,0,,0,,,,,,,0,0,,,0,,01-Sales Return,Purchase,,,,,,,,,cd20032d1f,Nos,1,,,,,,,,,b26d499586,Niyo Polymers,Stores - NP,,,,,,,,,,,,,,,,,,,,,,
2 L oil Bottle,,,STO-ITEM-.YYYY.-,,2 L oil Bottle,2 L,,0,0,0,Nos,0,0,1,1,0,0,0,0,0,,,0,0,,,2 L oil Bottle,0,2099-12-31,Purchase,,,0,,0,0,,0,0,0,0,,0,Item Attribute,1,,0,0,0,0,0,,0,Ethiopia,,,1,0,,0,0,,0,0,0,0,,,0,,,,0,0,,0,,,,,,,0,0,,,0,,01-Sales Return,Purchase,,,,,,,,,8d68c643ff,Nos,1,,,,,,,,,f073bbabee,Niyo Polymers,Stores - NP,,,,,,,,,,,,,,,,,,,,,,
1 L Babiley Clear,,,STO-ITEM-.YYYY.-,,1 L Babiley Clear,1 L,,0,0,0,Nos,0,0,1,1,0,0,0,0,0,,,0,0,,,1 L Babiley Clear,0,2099-12-31,Purchase,,,0,,0,0,,0,0,0,0,,0,Item Attribute,1,,0,0,0,0,0,,0,Ethiopia,,,1,0,,0,0,,0,0,0,0,,,0,,,,0,0,,0,,,,,,,0,0,,,0,,01-Sales Return,Purchase,,,,,,,,,76988f5b08,Nos,1,,,,,,,,,796cf75cde,Niyo Polymers,Stores - NP,,,,,,,,,,,,,,,,,,,,,,
1 L Mango Clear,,,STO-ITEM-.YYYY.-,,1 L Mango Clear,1 L,,0,0,0,Nos,0,0,1,1,0,0,0,0,0,,,0,0,,,1 L Mango Clear,0,2099-12-31,Purchase,,,0,,0,0,,0,0,0,0,,0,Item Attribute,1,,0,0,0,0,0,,0,Ethiopia,,,1,0,,0,0,,0,0,0,0,,,0,,,,0,0,,0,,,,,,,0,0,,,0,,01-Sales Return,Purchase,,,,,,,,,b6b359ee3d,Nos,1,,,,,,,,,a7c0f83e18,Niyo Polymers,Stores - NP,,,,,,,,,,,,,,,,,,,,,,
1 L Mango Amber,,,STO-ITEM-.YYYY.-,,1 L Mango Amber,1 L,,0,0,0,Nos,0,0,1,1,0,0,0,0,0,,,0,0,,,1 L Mango Amber,0,2099-12-31,Purchase,,,0,,0,0,,0,0,0,0,,0,Item Attribute,1,,0,0,0,0,0,,0,Ethiopia,,,1,0,,0,0,,0,0,0,0,,,0,,,,0,0,,0,,,,,,,0,0,,,0,,01-Sales Return,Purchase,,,,,,,,,098f02947a,Nos,1,,,,,,,,,2f8909fcd1,Niyo Polymers,Stores - NP,,,,,,,,,,,,,,,,,,,,,,
1 L Square clear,,,STO-ITEM-.YYYY.-,,1 L Square clear,1 L,,0,0,0,Nos,0,0,1,1,0,0,0,0,0,,,0,0,,,1 L Square clear,0,2099-12-31,Purchase,,,0,,0,0,,0,0,0,0,,0,Item Attribute,1,,0,0,0,0,0,,0,Ethiopia,,,1,0,,0,0,,0,0,0,0,,,0,,,,0,0,,0,,,,,,,0,0,,,0,,01-Sales Return,Purchase,,,,,,,,,03ef31177e,Nos,1,,,,,,,,,4aa0b29754,Niyo Polymers,Stores - NP,,,,,,,,,,,,,,,,,,,,,,
1 L Alcohol clear,,,STO-ITEM-.YYYY.-,,1 L Alcohol clear,1 L,,0,0,0,Nos,0,0,1,1,0,0,0,0,0,,,0,0,,,1 L Alcohol clear,0,2099-12-31,Purchase,,,0,,0,0,,0,0,0,0,,0,Item Attribute,1,,0,0,0,0,0,,0,Ethiopia,,,1,0,,0,0,,0,0,0,0,,,0,,,,0,0,,0,,,,,,,0,0,,,0,,01-Sales Return,Purchase,,,,,,,,,e6e69783b0,Nos,1,,,,,,,,,dbafd50e39,Niyo Polymers,Stores - NP,,,,,,Â 41100-01 - Cash Sales @ 15% - UNIT 1 - NP,,,,,,,,,,,,,,,,
800 ml bottle clear,,,STO-ITEM-.YYYY.-,,800 ml bottle clear,800 ml,,0,0,0,Nos,0,0,1,1,0,0,0,0,0,,,0,0,,,800 ml bottle clear,0,2099-12-31,Purchase,,,0,,0,0,,0,0,0,0,,0,Item Attribute,1,,0,0,0,0,0,,0,Ethiopia,,,1,0,,0,0,,0,0,0,0,,,0,,,,0,0,,0,,,,,,,0,0,,,0,,01-Sales Return,Purchase,,,,,,,,,0de42e839f,Nos,1,,,,,,,,,1ab7b36c4c,Niyo Polymers,Stores - NP,,,,,,,,,,,,,,,,,,,,,,
750 ml Glass cleaner,,,STO-ITEM-.YYYY.-,,750 ml Glass cleaner,750 ml,,0,0,0,Nos,0,0,1,1,0,0,0,0,0,,,0,0,,,750 ml Glass cleaner,0,2099-12-31,Purchase,,,0,,0,0,,0,0,0,0,,0,Item Attribute,1,,0,0,0,0,0,,0,Ethiopia,,,1,0,,0,0,,0,0,0,0,,,0,,,,0,0,,0,,,,,,,0,0,,,0,,01-Sales Return,Purchase,,,,,,,,,bfc1e7fff6,Nos,1,,,,,,,,,3532e7ec94,Niyo Polymers,Stores - NP,,,,,,,,,,,,,,,,,,,,,,
750 ml Dishwash,,,STO-ITEM-.YYYY.-,,750 ml Dishwash,750 ml,,0,0,0,Nos,0,0,1,1,0,0,0,0,0,,,0,0,,,750 ml Dishwash,0,2099-12-31,Purchase,,,0,,0,0,,0,0,0,0,,0,Item Attribute,1,,0,0,0,0,0,,0,Ethiopia,,,1,0,,0,0,,0,0,0,0,,,0,,,,0,0,,0,,,,,,,0,0,,,0,,01-Sales Return,Purchase,,,,,,,,,e746289017,Nos,1,,,,,,,,,8246e8cfb9,Niyo Polymers,Stores - NP,,,,,,,,,,,,,,,,,,,,,,
500 ml Guli Juice,,,STO-ITEM-.YYYY.-,,500 ml Guli Juice,500 ml,,0,0,0,Nos,0,0,1,1,0,0,0,0,0,,,0,0,,,500 ml Guli Juice,0,2099-12-31,Purchase,,,0,,0,0,,0,0,0,0,,0,Item Attribute,1,,0,0,0,0,0,,0,Ethiopia,,,1,0,,0,0,,0,0,0,0,,,0,,,,0,0,,0,,,,,,,0,0,,,0,,01-Sales Return,Purchase,,,,,,,,,d61a019dd1,Nos,1,,,,,,,,,3de90ef80f,Niyo Polymers,Stores - NP,,,,,,,,,,,,,,,,,,,,,,
500 ml Football juice,,,STO-ITEM-.YYYY.-,,500 ml Football juice,500 ml,,0,0,0,Nos,0,0,1,1,0,0,0,0,0,,,0,0,,,500 ml Football juice,0,2099-12-31,Purchase,,,0,,0,0,,0,0,0,0,,0,Item Attribute,1,,0,0,0,0,0,,0,Ethiopia,,,1,0,,0,0,,0,0,0,0,,,0,,,,0,0,,0,,,,,,,0,0,,,0,,01-Sales Return,Purchase,,,,,,,,,4ff91766fc,Nos,1,,,,,,,,,db31ac7b02,Niyo Polymers,Stores - NP,,,,,,,,,,,,,,,,,,,,,,
500 ml Babiley,,,STO-ITEM-.YYYY.-,,500 ml Babiley,500 ml,,0,0,0,Nos,0,0,1,1,0,0,0,0,0,,,0,0,,,500 ml Babiley,0,2099-12-31,Purchase,,,0,,0,0,,0,0,0,0,,0,Item Attribute,1,,0,0,0,0,0,,0,Ethiopia,,,1,0,,0,0,,0,0,0,0,,,0,,,,0,0,,0,,,,,,,0,0,,,0,,01-Sales Return,Purchase,,,,,,,,,bf3b745fa0,Nos,1,,,,,,,,,173735e339,Niyo Polymers,Stores - NP,,,,,,,,,,,,,,,,,,,,,,
500 ml Dettol,,,STO-ITEM-.YYYY.-,,500 ml Dettol,500 ml,,0,0,0,Nos,0,0,1,1,0,0,0,0,0,,,0,0,,,500 ml Dettol,0,2099-12-31,Purchase,,,0,,0,0,,0,0,0,0,,0,Item Attribute,1,,0,0,0,0,0,,0,Ethiopia,,,1,0,,0,0,,0,0,0,0,,,0,,,,0,0,,0,,,,,,,0,0,,,0,,01-Sales Return,Purchase,,,,,,,,,043ac7263a,Nos,1,,,,,,,,,f204a1005f,Niyo Polymers,Stores - NP,,,,,,Â 41100-01 - Cash Sales @ 15% - UNIT 1 - NP,,,,,,,,,,,,,,,,
500 ml handwash new 2,,,STO-ITEM-.YYYY.-,,500 ml handwash new 2,500 ml,,0,0,0,Nos,0,0,1,1,0,0,0,0,0,,,0,0,,,500 ml handwash new 2,0,2099-12-31,Purchase,,,0,,0,0,,0,0,0,0,,0,Item Attribute,1,,0,0,0,0,0,,0,Ethiopia,,,1,0,,0,0,,0,0,0,0,,,0,,,,0,0,,0,,,,,,,0,0,,,0,,01-Sales Return,Purchase,,,,,,,,,d0f0270d83,Nos,1,,,,,,,,,76ec489f19,Niyo Polymers,Stores - NP,,,,,,,,,,,,,,,,,,,,,,
500 ml handwash new 1,,,STO-ITEM-.YYYY.-,,500 ml handwash new 1,500 ml,,0,0,0,Nos,0,0,1,1,0,0,0,0,0,,,0,0,,,500 ml handwash new 1,0,2099-12-31,Purchase,,,0,,0,0,,0,0,0,0,,0,Item Attribute,1,,0,0,0,0,0,,0,Ethiopia,,,1,0,,0,0,,0,0,0,0,,,0,,,,0,0,,0,,,,,,,0,0,,,0,,01-Sales Return,Purchase,,,,,,,,,7727ee0c2a,Nos,1,,,,,,,,,a54e0d231e,Niyo Polymers,Stores - NP,,,,,,,,,,,,,,,,,,,,,,
500 ml handwash new,,,STO-ITEM-.YYYY.-,,500 ml handwash new,500 ml,,0,0,0,Nos,0,0,1,1,0,0,0,0,0,,,0,0,,,500 ml handwash new,0,2099-12-31,Purchase,,,0,,0,0,,0,0,0,0,,0,Item Attribute,1,,0,0,0,0,0,,0,Ethiopia,,,1,0,,0,0,,0,0,0,0,,,0,,,,0,0,,0,,,,,,,0,0,,,0,,01-Sales Return,Purchase,,,,,,,,,e883296c53,Nos,1,,,,,,,,,6064589ebc,Niyo Polymers,Stores - NP,,,,,,,,,,,,,,,,,,,,,,
500 ml handwash old,,,STO-ITEM-.YYYY.-,,500 ml handwash old,500 ml,,0,0,0,Nos,0,0,1,1,0,0,0,0,0,,,0,0,,,500 ml handwash old,0,2099-12-31,Purchase,,,0,,0,0,,0,0,0,0,,0,Item Attribute,1,,0,0,0,0,0,,0,Ethiopia,,,1,0,,0,0,,0,0,0,0,,,0,,,,0,0,,0,,,,,,,0,0,,,0,,01-Sales Return,Purchase,,,,,,,,,c23b1a6728,Nos,1,,,,,,,,,ab99c4ac23,Niyo Polymers,Stores - NP,,,,,,,,,,,,,,,,,,,,,,
400 ml shampoo clear,,,STO-ITEM-.YYYY.-,,400 ml shampoo clear,400 ml,,0,0,0,Nos,0,0,1,1,0,0,0,0,0,,,0,0,,,400 ml shampoo clear,0,2099-12-31,Purchase,,,0,,0,0,,0,0,0,0,,0,Item Attribute,1,,0,0,0,0,0,,0,Ethiopia,,,1,0,,0,0,,0,0,0,0,,,0,,,,0,0,,0,,,,,,,0,0,,,0,,01-Sales Return,Purchase,,,,,,,,,58d167acb6,Nos,1,,,,,,,,,239616b8e4,Niyo Polymers,Stores - NP,,,,,,Â 41100-01 - Cash Sales @ 15% - UNIT 1 - NP,,,,,,,,,,,,,,,,
400 ml square clear,,,STO-ITEM-.YYYY.-,,400 ml square clear,400 ml,,0,0,0,Nos,0,0,1,1,0,0,0,0,0,,,0,0,,,400 ml square clear,0,2099-12-31,Purchase,,,0,,0,0,,0,0,0,0,,0,Item Attribute,1,,0,0,0,0,0,,0,Ethiopia,,,1,0,,0,0,,0,0,0,0,,,0,,,,0,0,,0,,,,,,,0,0,,,0,,01-Sales Return,Purchase,,,,,,,,,475376d42e,Nos,1,,,,,,,,,5adb6f97b3,Niyo Polymers,Stores - NP,,,,,,,,,,,,,,,,,,,,,,
390 ml square clear,,,STO-ITEM-.YYYY.-,,390 ml square clear,390 ml,,0,0,0,Nos,0,0,1,1,0,0,0,0,0,,,0,0,,,390 ml square clear,0,2099-12-31,Purchase,,,0,,0,0,,0,0,0,0,,0,Item Attribute,1,,0,0,0,0,0,,0,Ethiopia,,,1,0,,0,0,,0,0,0,0,,,0,,,,0,0,,0,,,,,,,0,0,,,0,,01-Sales Return,Purchase,,,,,,,,,ce77b37efb,Nos,1,,,,,,,,,b8cefae96c,Niyo Polymers,Stores - NP,,,,,,,,,,,,,,,,,,,,,,
250 ml minigin clear,,,STO-ITEM-.YYYY.-,,250 ml minigin clear,250 ml,,0,0,0,Nos,0,0,1,1,0,0,0,0,0,,,0,0,,,250 ml minigin clear,0,2099-12-31,Purchase,,,0,,0,0,,0,0,0,0,,0,Item Attribute,1,,0,0,0,0,0,,0,Ethiopia,,,1,0,,0,0,,0,0,0,0,,,0,,,,0,0,,0,,,,,,,0,0,,,0,,01-Sales Return,Purchase,,,,,,,,,21fe34bbcb,Nos,1,,,,,,,,,5626b3542f,Niyo Polymers,Stores - NP,,,,,,,,,,,,,,,,,,,,,,
250 ml parafin clear,,,STO-ITEM-.YYYY.-,,250 ml parafin clear,250 ml,,0,0,0,Nos,0,0,1,1,0,0,0,0,0,,,0,0,,,250 ml parafin clear,0,2099-12-31,Purchase,,,0,,0,0,,0,0,0,0,,0,Item Attribute,1,,0,0,0,0,0,,0,Ethiopia,,,1,0,,0,0,,0,0,0,0,,,0,,,,0,0,,0,,,,,,,0,0,,,0,,01-Sales Return,Purchase,,,,,,,,,2eef350ea4,Nos,1,,,,,,,,,6c361a9621,Niyo Polymers,Stores - NP,,,,,,,,,,,,,,,,,,,,,,
200 ml parafin clear,,,STO-ITEM-.YYYY.-,,200 ml parafin clear,200 ml,,0,0,0,Nos,0,0,1,1,0,0,0,0,0,,,0,0,,,200 ml parafin clear,0,2099-12-31,Purchase,,,0,,0,0,,0,0,0,0,,0,Item Attribute,1,,0,0,0,0,0,,0,Ethiopia,,,1,0,,0,0,,0,0,0,0,,,0,,,,0,0,,0,,,,,,,0,0,,,0,,01-Sales Return,Purchase,,,,,,,,,4ad2fa2768,Nos,1,,,,,,,,,db9069be55,Niyo Polymers,Stores - NP,,,,,,,,,,,,,,,,,,,,,,
150 ml Glycerine Bottle,,,STO-ITEM-.YYYY.-,,150 ml Glycerine Bottle,150 ml,,0,0,0,Nos,0,0,1,1,0,0,0,0,0,,,0,0,,,150 ml Glycerine Bottle,0,2099-12-31,Purchase,,,0,,0,0,,0,0,0,0,,0,Item Attribute,1,,0,0,0,0,0,,0,Ethiopia,,,1,0,,0,0,,0,0,0,0,,,0,,,,0,0,,0,,,,,,,0,0,,,0,,01-Sales Return,Purchase,,,,,,,,,2de3d72a38,Nos,1,,,,,,,,,2419081938,Niyo Polymers,Stores - NP,,,,,,,,,,,,,,,,,,,,,,
150 ml Blue Bottle,,,STO-ITEM-.YYYY.-,,150 ml Blue Bottle,150 ml,,0,0,0,Nos,0,0,1,1,0,0,0,0,0,,,0,0,,,150 ml Blue Bottle,0,2099-12-31,Purchase,,,0,,0,0,,0,0,0,0,,0,Item Attribute,1,,0,0,0,0,0,,0,Ethiopia,,,1,0,,0,0,,0,0,0,0,,,0,,,,0,0,,0,,,,,,,0,0,,,0,,01-Sales Return,Purchase,,,,,,,,,249db18f77,Nos,1,,,,,,,,,bfab9dbcbb,Niyo Polymers,Stores - NP,,,,,,,,,,,,,,,,,,,,,,
150 ml Amber Bottle,,,STO-ITEM-.YYYY.-,,150 ml Amber Bottle,150 ml,,0,0,0,Nos,0,0,1,1,0,0,0,0,0,,,0,0,,,150 ml Amber Bottle,0,2099-12-31,Purchase,,,0,,0,0,,0,0,0,0,,0,Item Attribute,1,,0,0,0,0,0,,0,Ethiopia,,,1,0,,0,0,,0,0,0,0,,,0,,,,0,0,,0,,,,,,,0,0,,,0,,01-Sales Return,Purchase,,,,,,,,,e5f5a77449,Nos,1,,,,,,,,,ee4120de7a,Niyo Polymers,Stores - NP,,,,,,,,,,,,,,,,,,,,,,
150 ml Clear bottle,,,STO-ITEM-.YYYY.-,,150 ml Clear bottle,150 ml,,0,0,0,Nos,0,0,1,1,0,0,0,0,0,,,0,0,,,150 ml Clear bottle,0,2099-12-31,Purchase,,,0,,0,0,,0,0,0,0,,0,Item Attribute,1,,0,0,0,0,0,,0,Ethiopia,,,1,0,,0,0,,0,0,0,0,,,0,,,,0,0,,0,,,,,,,0,0,,,0,,01-Sales Return,Purchase,,,,,,,,,3f5fcf9898,Nos,1,,,,,,,,,65638a6fd6,Niyo Polymers,Stores - NP,,,,,,,,,,,,,,,,,,,,,,
100 ml Blue Bottle,,,STO-ITEM-.YYYY.-,,100 ml Blue Bottle,100 ml,,0,0,0,Nos,0,0,1,1,0,0,0,0,0,,,0,0,,,100 ml Blue Bottle,0,2099-12-31,Purchase,,,0,,0,0,,0,0,0,0,,0,Item Attribute,1,,0,0,0,0,0,,0,Ethiopia,,,1,0,,0,0,,0,0,0,0,,,0,,,,0,0,,0,,,,,,,0,0,,,0,,01-Sales Return,Purchase,,,,,,,,,2bc6d2a3b6,Nos,1,,,,,,,,,0d78cd4422,Niyo Polymers,Stores - NP,,,,,,,,,,,,,,,,,,,,,,
100 ml Amber Bottle,,,STO-ITEM-.YYYY.-,,100 ml Amber Bottle,100 ml,,0,0,0,Nos,0,0,1,1,0,0,0,0,0,,,0,0,,,100 ml Amber Bottle,0,2099-12-31,Purchase,,,0,,0,0,,0,0,0,0,,0,Item Attribute,1,,0,0,0,0,0,,0,Ethiopia,,,1,0,,0,0,,0,0,0,0,,,0,,,,0,0,,0,,,,,,,0,0,,,0,,01-Sales Return,Purchase,,,,,,,,,80bb1a3631,Nos,1,,,,,,,,,3d1f33454c,Niyo Polymers,Stores - NP,,,,,,,,,,,,,,,,,,,,,,
100 ml Clear bottle,,,STO-ITEM-.YYYY.-,,100 ml Clear bottle,100 ml,,0,0,0,Nos,0,0,1,1,0,0,0,0,0,,,0,0,,,100 ml Clear bottle,0,2099-12-31,Purchase,,,0,,0,0,,0,0,0,0,,0,Item Attribute,1,,0,0,0,0,0,,0,Ethiopia,,,1,0,,0,0,,0,0,0,0,,,0,,,,0,0,,0,,,,,,,0,0,,,0,,01-Sales Return,Purchase,,,,,,,,,d9865a269f,Nos,1,,,,,,,,,f6541a5016,Niyo Polymers,Stores - NP,,,,,,,,,,,,,,,,,,,,,,
Glycerine 50 ml - Clear,,,STO-ITEM-.YYYY.-,,Glycerine 50 ml - Clear,50 ml,,0,0,0,Nos,0,0,1,1,0,0,0,0,0,,,0,0,,,Glycerine - Clear,0,2099-12-31,Purchase,,,0,,0,0,,0,0,0,0,,0,Item Attribute,1,,0,0,0,0,0,,0,Ethiopia,,,1,0,,0,0,,0,0,0,0,,,0,,,,0,0,,0,,,,,,,0,0,,,0,,01-Sales Return,Purchase,,,,,,,,,6a0e6227cc,Nos,1,,,,,,,,,c66e5f6061,Niyo Polymers,Stores - NP,,,,,,,,,,,,,,,,,,,,,,
Honey Pet Jar 30 ml - Clear,,,STO-ITEM-.YYYY.-,,Honey Pet Jar 30 ml - Clear,30 ml,,0,0,0,Nos,0,0,1,1,0,0,0,0,0,,,0,0,,,Honey Pet Jar - Clear,0,2099-12-31,Purchase,,,0,,0,0,,0,0,0,0,,0,Item Attribute,1,,0,0,0,0,0,,0,Ethiopia,,,1,0,,0,0,,0,0,0,0,,,0,,,,0,0,,0,,,,,,,0,0,,,0,,01-Sales Return,Purchase,,,,,,,,,d8f8537788,Nos,1,,,,,,,,,017b36fb84,Niyo Polymers,Stores - NP,,,,,,,,,,,,,,,,,,,,,,
Preform 7 gm - Tulips,,,STO-ITEM-.YYYY.-,,Preform 7 gm - Tulips,Preform 7 gm,,0,0,0,Nos,0,0,1,1,0,0,0,0,0,,,0,0,,,Preform 7 gm - Tulips,0,2099-12-31,Purchase,,,0,,0,0,,0,0,0,0,,0,Item Attribute,1,,0,0,0,0,0,,0,Ethiopia,,,1,0,,0,0,,0,0,0,0,,,0,,,,0,0,,0,,,,,,,0,0,,,0,,01-Sales Return,Purchase,,,,,,,,,dca05a421e,Nos,1,,,,,,,,,3aaef33dbd,Niyo Polymers,Stores - NP,,,,,,,,,,,,,,,,,,,,,,
Preform 6.4 gm - Niyo,,,STO-ITEM-.YYYY.-,,Preform 6.4 gm - Niyo,Preform 6.4 gm,,0,0,0,Nos,0,0,1,1,0,0,0,0,0,,,0,0,,,Preform 6.4 gm - Niyo,0,2099-12-31,Purchase,,,0,,0,0,,0,0,0,0,,0,Item Attribute,1,,0,0,0,0,0,,0,Ethiopia,,,1,0,,0,0,,0,0,0,0,,,0,,,,0,0,,0,,,,,,,0,0,,,0,,01-Sales Return,Purchase,,,,,,,,,24b2619175,Nos,1,,,,,,,,,3bac510de1,Niyo Polymers,Stores - NP,,,,,,,,,,,,,,,,,,,,,,
Rejection Hot,,,STO-ITEM-.YYYY.-,,Rejection Hot,Others,,0,0,0,Nos,0,0,1,1,0,0,0,0,0,,,0,0,,,Rejection Hot,0,2099-12-31,Purchase,,,0,,0,0,,0,0,0,0,,0,Item Attribute,1,,0,0,0,0,0,,0,Ethiopia,,,1,0,,0,0,,0,0,0,0,,,0,,,,0,0,,0,,,,,,,0,0,,,0,,01-Sales Return,Purchase,,,,,,,,,7fd4648fb4,Nos,1,,,,,,,,,248b5f0ab4,Niyo Polymers,Scrap Warehouse - NP,,,,,,,,,,,,,,,,,,,,,,
Rejection White,,,STO-ITEM-.YYYY.-,,Rejection White,Others,,0,0,0,Nos,0,0,1,1,0,0,0,0,0,,,0,0,,,Rejection White,0,2099-12-31,Purchase,,,0,,0,0,,0,0,0,0,,0,Item Attribute,1,,0,0,0,0,0,,0,Ethiopia,,,1,0,,0,0,,0,0,0,0,,,0,,,,0,0,,0,,,,,,,0,0,,,0,,01-Sales Return,Purchase,,,,,,,,,1ffbc4bac5,Nos,1,,,,,,,,,baae96d3b6,Niyo Polymers,Scrap Warehouse - NP,,,,,,,,,,,,,,,,,,,,,,
Rejection,,,STO-ITEM-.YYYY.-,,Rejection,All Item Groups,,0,0,0,Nos,0,0,1,1,0,0,0,0,0,,,0,0,,,Rejection,0,2099-12-31,Purchase,,,0,,0,0,,0,0,0,0,,0,Item Attribute,1,,0,0,0,0,0,,0,Ethiopia,,,1,0,,0,0,,0,0,0,0,,,0,,,,0,0,,0,,,,,,,0,0,,,0,,01-Sales Return,Purchase,,,,,,,,,205afa4697,Nos,1,,,,,,,,,78c5d9a7a8,Niyo Polymers,Scrap Warehouse - NP,,,,,,,,,,,,,,,,,,,,,,
Preform 95 gm - Arova,,,STO-ITEM-.YYYY.-,,Preform 95 gm - Arova,Preform 95 gm,,0,0,0,Nos,0,0,1,1,0,0,0,0,0,,,0,0,,,Preform 90 gm - Arova,0,2099-12-31,Purchase,,,0,,0,0,,0,0,0,0,,0,Item Attribute,1,,0,0,0,0,0,,0,Ethiopia,,,1,0,,0,0,,0,0,0,0,,,0,,,,0,0,,0,,,,,,,0,0,,,0,,01-Sales Return,Purchase,,,,,,,,,43aba063a6,Nos,1,,,,,,,,,a296669de4,Niyo Polymers,Stores - NP,,,,,,,,,,,,,,,,,,,,,,
Preform 20 gm - Mintu,,,STO-ITEM-.YYYY.-,,Preform 20 gm - Mintu,Preform 20 gm,,0,0,0,Nos,0,0,1,1,0,0,0,0,0,,,0,0,,,Preform 20 gm - Mintu,0,2099-12-31,Purchase,,,0,,0,0,,0,0,0,0,,0,Item Attribute,1,,0,0,0,0,0,,0,Ethiopia,,,1,0,,0,0,,0,0,0,0,,,0,,,,0,0,,0,,,,,,,0,0,,,0,,01-Sales Return,Purchase,,,,,,,,,8fe9fd0868,Nos,1,,,,,,,,,1d68b34a0b,Niyo Polymers,Stores - NP,,,,,,,,,,,,,,,,,,,,,,
Preform 20 gm - Niyo,,,STO-ITEM-.YYYY.-,,Preform 20 gm - Niyo,Preform 20 gm,,0,0,0,Nos,0,0,1,1,0,0,0,0,0,,,0,0,,,Preform 20 gm - Niyo,0,2099-12-31,Purchase,,,0,,0,0,,0,0,0,0,,0,Item Attribute,1,,0,0,0,0,0,,0,Ethiopia,,,1,0,,0,0,,0,0,0,0,,,0,,,,0,0,,0,,,,,,,0,0,,,0,,01-Sales Return,Purchase,,,,,,,,,4adffc7df9,Nos,1,,,,,,,,,3698ab73a6,Niyo Polymers,Stores - NP,,,,,,,,,,,,,,,,,,,,,,
Preform 20 gm - Arova,,,STO-ITEM-.YYYY.-,,Preform 20 gm - Arova,Preform 20 gm,,0,0,0,Nos,0,0,1,1,0,0,0,0,0,,,0,0,,,Preform 20 gm - Arova,0,2099-12-31,Purchase,,,0,,0,0,,0,0,0,0,,0,Item Attribute,1,,0,0,0,2.15,0,,0,Ethiopia,,,1,0,,0,0,,0,0,0,0,,,0,,,,0,0,,0,,,,,,,0,0,,,0,,01-Sales Return,Purchase,,,,,,,,,92bc56ed8f,Nos,1,,,,,,,,,cad82beddf,Niyo Polymers,Stores - NP,,,,,,,,,,,,,,,,,,,,,,
Preform 28 gm - Mintu,,,STO-ITEM-.YYYY.-,,Preform 28 gm - Mintu,Preform 28 gm,,0,0,0,Nos,0,0,1,1,0,0,0,0,0,,,0,0,,,Preform 28 gm - Mintu,0,2099-12-31,Purchase,,,0,,0,0,,0,0,0,0,,0,Item Attribute,1,,0,0,0,0,0,,0,Ethiopia,,,1,0,,0,0,,0,0,0,0,,,0,,,,0,0,,0,,,,,,,0,0,,,0,,01-Sales Return,Purchase,,,,,,,,,45018eb2d1,Nos,1,,,,,,,,,734e320ac8,Niyo Polymers,Stores - NP,,,,,,,,,,,,,,,,,,,,,,
Preform 28 gm - Niyo,,,STO-ITEM-.YYYY.-,,Preform 28 gm - Niyo,Preform 28 gm,,0,0,0,Nos,0,0,1,1,0,0,0,0,0,,,0,0,,,Preform 28 gm - Niyo,0,2099-12-31,Purchase,,,0,,0,0,,0,0,0,0,,0,Item Attribute,1,,0,0,0,0,0,,0,Ethiopia,,,1,0,,0,0,,0,0,0,0,,,0,,,,0,0,,0,,,,,,,0,0,,,0,,01-Sales Return,Purchase,,,,,,,,,f80fb9a3c2,Nos,1,,,,,,,,,7d0774242d,Niyo Polymers,Stores - NP,,,,,,,,,,,,,,,,,,,,,,
70 GM 83 MM jar preform clear,,,STO-ITEM-.YYYY.-,,70 GM 83 MM jar preform clear,Preforms,,0,0,0,Nos,0,0,1,1,0,0,0,0,0,,,0,0,,,70 GM 83 MM jar preform clear,0,2099-12-31,Purchase,,,0,,0,0,,0,0,0,0,,0,Item Attribute,1,,0,0,0,8.25,0,,0,Ethiopia,,,1,0,,0,0,,0,0,0,0,,,0,,,,0,0,,0,,,,,,,0,0,,,0,,01-Sales Return,Purchase,,,,,,,,,9006d67c6f,Nos,1,,,,,,,,,1a2b7f9679,Niyo Polymers,Stores - NP,,,,,,,,,,,,,,,,,,,,,,
65 GMR Clear Preforms,,,STO-ITEM-.YYYY.-,,65 GMR Clear Preforms,Preforms,,0,0,0,Nos,0,0,1,1,0,0,0,0,0,,,0,0,,,65 GMR Clear Preforms,0,2099-12-31,Purchase,,,0,,0,0,,0,0,0,0,,0,Item Attribute,1,,0,0,0,0,0,,0,Ethiopia,,,1,0,,0,0,,0,0,0,0,,,0,,,,0,0,,0,,,,,,,0,0,,,0,,01-Sales Return,Purchase,,,,,,,,,e5261e1c59,Nos,1,,,,,,,,,7f2e1acb02,Niyo Polymers,Stores - NP,,,,,,,,,,,,,,,,,,,,,,
MiniGin 28gm,,,STO-ITEM-.YYYY.-,,MiniGin 28gm,Products,,0,0,0,Nos,0,0,1,1,0,0,0,0,0,,,0,0,,,MiniGin 28gm,0,2099-12-31,Purchase,,,0,,0,0,,0,0,0,0,,0,Item Attribute,1,,0,0,0,0,0,,0,Ethiopia,,,1,0,,0,0,,0,0,0,0,,,0,,,,0,0,,0,,,,,,,0,0,,,0,,01-Sales Return,Purchase,,,,,,,,,6a2213e199,Nos,1,,,,,,,,,a022b45d9e,Niyo Polymers,Stores - NP,,,,,,Â 41100-01 - Cash Sales @ 15% - UNIT 1 - NP,,,,,,,,,,,,,,,,
800 Ml Bottle (+/-15ml),,,STO-ITEM-.YYYY.-,,800 Ml Bottle (+/-15ml) ,Products,,0,0,0,Nos,0,0,1,1,0,0,0,0,0,,,0,0,,,800 Ml Bottle (+/-15ml) ,0,2099-12-31,Purchase,,,0,,0,0,,0,0,0,0,,0,Item Attribute,0,,0,0,0,0,0,,0,Ethiopia,,,1,0,,0,0,,0,0,0,0,,,0,,,,0,0,,0,,,,,,,0,0,,,0,,01-Sales Return,Purchase,,,,,,,,,ad8da29e90,Nos,1,,,,,,,,,59daab2305,Niyo Polymers,Stores - NP,,,,,,Â 41100-01 - Cash Sales @ 15% - UNIT 1 - NP,,,,,,,,,,,,,,,,
HDPE Injection,,,STO-ITEM-.YYYY.-,,HDPE Injection,Raw Material,,0,0,0,Nos,0,0,1,1,0,0,0,0,0,,,0,0,,,HDPE Injection,0,2099-12-31,Purchase,,,0,,0,0,,0,0,0,0,,0,Item Attribute,1,,0,0,0,0,0,,0,Ethiopia,,,1,0,,0,0,,0,0,0,0,,,0,,,,1,0,raw-material/hdpe-injection-givkm,0,,,,,,,0,0,,,0,,,,,,,,,,,,025d2d53dd,Nos,1,,,,,,,,,,,,,,,,,,,,,,,,,,,,,,,,,
Preform Jar 70gm - Arova,,,STO-ITEM-.YYYY.-,,Preform Jar 70gm - Arova,Preforms,,0,0,0,Nos,0,0,1,1,0,0,0,0,0,,,0,0,,,Preform Jar 70gm - Arova,0,2099-12-31,Purchase,,,0,,0,0,,0,0,0,0,,0,Item Attribute,1,,0,0,0,0,0,,0,Ethiopia,,,1,0,,0,0,,0,0,0,0,,,0,,,,1,0,preforms/preform-jar-70gm-arova-p0emz,0,,,,,,,0,0,,,0,,,,,,,,,,,,9eb5aee515,Nos,1,,,,,,,,,,,,,,,,,,,,,,,,,,,,,,,,,
Preform 95 Gm 46mm Clear,,,STO-ITEM-.YYYY.-,,Preform 95 Gm 46mm Clear,Preforms,,0,0,0,Nos,0,0,1,1,0,0,0,0,0,,,0,0,,,Preform 95 Gm 46mm Clear,0,2099-12-31,Purchase,,,0,,0,0,,0,0,0,0,,0,Item Attribute,1,,0,0,0,0,0,,0,Ethiopia,,,1,0,,0,0,,0,0,0,0,,,0,,,,1,0,preforms/preform-95-gm-46mm-clear-ojker,0,,,,,,,0,0,,,0,,,,,,,,,,,,b76cb010d4,Nos,1,,,,,,,,,,,,,,,,,,,,,,,,,,,,,,,,,
Preform 54 Gm 96mm Jar Clear,,,STO-ITEM-.YYYY.-,,Preform 54 Gm 96mm Jar Clear,Preforms,,0,0,0,Nos,0,0,1,1,0,0,0,0,0,,,0,0,,,Preform 54 Gm 96mm Jar Clear,0,2099-12-31,Purchase,,,0,,0,0,,0,0,0,0,,0,Item Attribute,1,,0,0,0,0,0,,0,Ethiopia,,,1,0,,0,0,,0,0,0,0,,,0,,,,1,0,preforms/preform-54-gm-96mm-jar-clear-frxzy,0,,,,,,,0,0,,,0,,,,,,,,,,,,ad21e5f389,Nos,1,,,,,,,,,,,,,,,,,,,,,,,,,,,,,,,,,
Poly Bag,,,STO-ITEM-.YYYY.-,,Poly Bag,Packing Material,,0,0,0,Nos,0,0,1,1,0,0,0,0,0,,,0,0,,,Poly Bag,0,2099-12-31,Purchase,,,0,,0,0,,0,0,0,0,,0,Item Attribute,1,,0,0,0,0,0,,0,Ethiopia,,,1,0,,0,0,,0,0,0,0,,,0,,,,1,0,packing-material/poly-bag-sj1vz,0,,,,,,,0,0,,,0,,,,,,,,,,,,3e0e44bc7e,Nos,1,,,,,,,,,,,,,,,,,,,,,,,,,,,,,,,,,
Plastic Waste,,,STO-ITEM-.YYYY.-,,Plastic Waste,Others,,0,0,0,Nos,0,0,1,1,0,0,0,0,0,,,0,0,,,Plastic Waste,0,2099-12-31,Purchase,,,0,,0,0,,0,0,0,0,,0,Item Attribute,1,,0,0,0,0,0,,0,Ethiopia,,,1,0,,0,0,,0,0,0,0,,,0,,,,1,0,others/plastic-waste-w8lyn,0,,,,,,,0,0,,,0,,,,,,,,,,,,7913cac3cc,Nos,1,,,,,,,,,,,,,,,,,,,,,,,,,,,,,,,,,
Jumbo Madabaria,,,STO-ITEM-.YYYY.-,,Jumbo Madabaria,Others,,0,0,0,Nos,0,0,1,1,0,0,0,0,0,,,0,0,,,Jumbo Madabaria,0,2099-12-31,Purchase,,,0,,0,0,,0,0,0,0,,0,Item Attribute,1,,0,0,0,0,0,,0,Ethiopia,,,1,0,,0,0,,0,0,0,0,,,0,,,,1,0,others/jumbo-madabaria-panzx,0,,,,,,,0,0,,,0,,,,,,,,,,,,d105a85bc7,Nos,1,,,,,,,,,,,,,,,,,,,,,,,,,,,,,,,,,
Handle for 28mm Bottle,,,STO-ITEM-.YYYY.-,,Handle for 28mm Bottle,Others,,0,0,0,Nos,0,0,1,1,0,0,0,0,0,,,0,0,,,Handle for 28mm Bottle,0,2099-12-31,Purchase,,,0,,0,0,,0,0,0,0,,0,Item Attribute,1,,0,0,0,0,0,,0,Ethiopia,,,1,0,,0,0,,0,0,0,0,,,0,,,,1,0,others/handle-for-28mm-bottle-6rhpo,0,,,,,,,0,0,,,0,,,,,,,,,,,,10d8da10dd,Nos,1,,,,,,,,,,,,,,,,,,,,,,,,,,,,,,,,,
Glycerine 50ml,,,STO-ITEM-.YYYY.-,,Glycerine 50ml,Others,,0,0,0,ml,0,0,1,1,0,0,0,0,0,,,0,0,,,Glycerine 50ml,0,2099-12-31,Purchase,,,0,,0,0,,0,0,0,0,,0,Item Attribute,1,,0,0,0,0,0,,0,Ethiopia,,,1,0,,0,0,,0,0,0,0,,,0,,,,1,0,others/glycerine-50ml-oguoq,0,,,,,,,0,0,,,0,,,,,,,,,,,,811cd81514,ml,1,,,,,,,,,,,,,,,,,,,,,,,,,,,,,,,,,
Glycerine,,,STO-ITEM-.YYYY.-,,Glycerine,Others,,0,0,0,Gram,0,0,1,1,0,0,0,0,0,,,0,0,,,Glycerine,0,2099-12-31,Purchase,,,0,,0,0,,0,0,0,0,,0,Item Attribute,1,,0,0,0,0,0,,0,Ethiopia,,,1,0,,0,0,,0,0,0,0,,,0,,,,1,0,others/glycerine-bvolb,0,,,,,,,0,0,,,0,,,,,,,,,,,,d299d6ef6d,Gram,1,,,,,,,,,,,,,,,,,,,,,,,,,,,,,,,,,
Dettol Bottle,,,STO-ITEM-.YYYY.-,,Dettol Bottle,Products,,0,0,0,Nos,0,0,1,1,0,0,0,0,0,,,0,0,,,Dettol Bottle,0,2099-12-31,Purchase,,,0,,0,0,,0,0,0,0,,0,Item Attribute,1,,0,0,0,0,0,,0,Ethiopia,,,1,0,,0,0,,0,0,0,0,,,0,,,,1,0,others/dettol-bottle-dtewp,0,,,,,,,0,0,,,0,,,,,,,,,,,,dba5ed6d0d,Nos,1,,,,,,,,,1c923ed746,Niyo Polymers,,,,,,,Â 41100-03 - Check Sales @ 15% - UNIT 1 - NP,,,,,,,,,,,,,,,,
Chocolate Jar with Cap,,,STO-ITEM-.YYYY.-,,Chocolate Jar with Cap,Chocolate Jar,,0,0,0,Nos,0,0,1,1,0,0,0,0,0,,,0,0,,,Chocolate Jar with Cap,0,2099-12-31,Purchase,,,0,,0,0,,0,0,0,0,,0,Item Attribute,1,,0,0,0,0,0,,0,Ethiopia,,,1,0,,0,0,,0,0,0,0,,,0,,,,1,0,others/chocolate-jar-with-cap-nifnl,0,,,,,,,0,0,,,0,,,,,,,,,,,,6cab6375a4,Nos,1,,,,,,,,,2c28fdd470,Niyo Polymers,Stores - NP,,,,,,,,,,,,,,,,,,,,,,
Beer Bottle,,,STO-ITEM-.YYYY.-,,Beer Bottle,Others,,0,0,0,Nos,0,0,1,1,0,0,0,0,0,,,0,0,,,Beer Bottle,0,2099-12-31,Purchase,,,0,,0,0,,0,0,0,0,,0,Item Attribute,1,,0,0,0,100,0,,0,Ethiopia,,,1,0,,0,0,,0,0,0,0,,,0,,,,1,0,others/beer-bottle-gppr7,0,,,,,,,0,0,,,0,,,,,,,,,,,,79d4ae0344,Nos,1,,,,,,,,,,,,,,,,,,,,,,,,,,,,,,,,,
400ml Shampoo Bottle,,,STO-ITEM-.YYYY.-,,400ml Shampoo Bottle,Others,,0,0,0,Nos,0,0,1,1,0,0,0,0,0,,,0,0,,,400ml Shampoo Bottle,0,2099-12-31,Purchase,,,0,,0,0,,0,0,0,0,,0,Item Attribute,1,,0,0,0,0,0,,0,Ethiopia,,,1,0,,0,0,,0,0,0,0,,,0,,,,1,0,others/400ml-shampoo-bottle-krg3f,0,,,,,,,0,0,,,0,,,,,,,,,,,,2edb71749b,Nos,1,,,,,,,,,9ec79affb9,Niyo Polymers,,,,,,,Â 41100-01 - Cash Sales @ 15% - UNIT 1 - NP,,,,,,,,,,,,,,,,
2 Ltr Handle,,,STO-ITEM-.YYYY.-,,2 Ltr Handle,Handles,,0,0,0,Nos,0,0,1,1,0,0,0,0,0,,,0,0,,,2 Ltr Handle,0,2099-12-31,Purchase,,,0,,0,0,,0,0,0,0,,0,Item Attribute,1,,0,0,0,0,0,,0,Ethiopia,,,1,0,,0,0,,0,0,0,0,,,0,,,,0,0,,0,,,,,,,0,0,,,0,,,,,,,,,,,,7b7103d8b8,Nos,1,,,,,,,,,,,,,,,,,,,,,,,,,,,,,,,,,
Chocolate Jar Handle,,,STO-ITEM-.YYYY.-,,Chocolate Jar Handle,Handles,,0,0,0,Nos,0,0,1,1,0,0,0,0,0,,,0,0,,,Chocolate Jar Handle,0,2099-12-31,Purchase,,,0,,0,0,,0,0,0,0,,0,Item Attribute,1,,0,0,0,0,0,,0,Ethiopia,,,1,0,,0,0,,0,0,0,0,,,0,,,,0,0,,0,,,,,,,0,0,,,0,,,,,,,,,,,,07e7206417,Nos,1,,,,,,,,,,,,,,,,,,,,,,,,,,,,,,,,,
5 Ltr Handle Yellow,,,STO-ITEM-.YYYY.-,,5 Ltr Handle Yellow,Handles,,0,0,0,Nos,0,0,1,1,0,0,0,0,0,,,0,0,,,5 Ltr Handle Yellow,0,2099-12-31,Purchase,,,0,,0,0,,0,0,0,0,,0,Item Attribute,1,,0,0,0,0,0,,0,Ethiopia,,,1,0,,0,0,,0,0,0,0,,,0,,,,0,0,,0,,,,,,,0,0,,,0,,,,,,,,,,,,eb50c12d15,Nos,1,,,,,,,,,,,,,,,,,,,,,,,,,,,,,,,,,
5 Ltr Handle,,,STO-ITEM-.YYYY.-,,5 Ltr Handle,Handles,,0,0,0,Nos,0,0,1,1,0,0,0,0,0,,,0,0,,,5 Ltr Handle,0,2099-12-31,Purchase,,,0,,0,0,,0,0,0,0,,0,Item Attribute,1,,0,0,0,0,0,,0,Ethiopia,,,1,0,,0,0,,0,0,0,0,,,0,,,,0,0,,0,,,,,,,0,0,,,0,,,,,,,,,,,,f1953b6d74,Nos,1,,,,,,,,,,,,,,,,,,,,,,,,,,,,,,,,,
Trigger Sprayer,,,STO-ITEM-.YYYY.-,,Trigger Sprayer,Caps,,0,0,0,Nos,0,0,1,1,0,0,0,0,0,,,0,0,,,Trigger Sprayer,0,2099-12-31,Purchase,,,0,,0,0,,0,0,0,0,,0,Item Attribute,1,,0,0,0,0,0,,0,Ethiopia,,,1,0,,0,0,,0,0,0,0,,,0,,,,0,0,,0,,,,,,,0,0,,,0,,,,,,,,,,,,876241b325,Nos,1,,,,,,,,,,,,,,,,,,,,,,,,,,,,,,,,,
Shampoo Cap / Flip Cap,,,STO-ITEM-.YYYY.-,,Shampoo Cap / Flip Cap,Caps,,0,0,0,Nos,0,0,1,1,0,0,0,0,0,,,0,0,,,Shampoo Cap / Flip Cap,0,2099-12-31,Purchase,,,0,,0,0,,0,0,0,0,,0,Item Attribute,1,,0,0,0,0,0,,0,Ethiopia,,,1,0,,0,0,,0,0,0,0,,,0,,,,0,0,,0,,,,,,,0,0,,,0,,,,,,,,,,,,f5c2cc8d85,Nos,1,,,,,,,,,75c363d3c7,Niyo Polymers,,,,,,,Â 41100-01 - Cash Sales @ 15% - UNIT 1 - NP,,,,,,,,,,,,,,,,
Push Pull,,,STO-ITEM-.YYYY.-,,Push Pull,Caps,,0,0,0,Nos,0,0,1,1,0,0,0,0,0,,,0,0,,,Push Pull,0,2099-12-31,Purchase,,,0,,0,0,,0,0,0,0,,0,Item Attribute,1,,0,0,0,0,0,,0,Ethiopia,,,1,0,,0,0,,0,0,0,0,,,0,,,,0,0,,0,,,,,,,0,0,,,0,,,,,,,,,,,,f7763a6450,Nos,1,,,,,,,,,,,,,,,,,,,,,,,,,,,,,,,,,
Lotion Pump,,,STO-ITEM-.YYYY.-,,Lotion Pump,Caps,,0,0,0,Nos,0,0,1,1,0,0,0,0,0,,,0,0,,,Lotion Pump,0,2099-12-31,Purchase,,,0,,0,0,,0,0,0,0,,0,Item Attribute,1,,0,0,0,0,0,,0,Ethiopia,,,1,0,,0,0,,0,0,0,0,,,0,,,,0,0,,0,,,,,,,0,0,,,0,,,,,,,,,,,,b6e5272e06,Nos,1,,,,,,,,,,,,,,,,,,,,,,,,,,,,,,,,,
Glycerine Cap,,,STO-ITEM-.YYYY.-,,Glycerine Cap,Caps,,0,0,0,Nos,0,0,1,1,0,0,0,0,0,,,0,0,,,Glycerine Cap,0,2099-12-31,Purchase,,,0,,0,0,,0,0,0,0,,0,Item Attribute,1,,0,0,0,0,0,,0,Ethiopia,,,1,0,,0,0,,0,0,0,0,,,0,,,,0,0,,0,,,,,,,0,0,,,0,,,,,,,,,,,,996669729f,Nos,1,,,,,,,,,,,,,,,,,,,,,,,,,,,,,,,,,
Flap Cap Yellow,,,STO-ITEM-.YYYY.-,,Flap Cap Yellow,Caps,,0,0,0,Nos,0,0,1,1,0,0,0,0,0,,,0,0,,,Flap Cap Yellow,0,2099-12-31,Purchase,,,0,,0,0,,0,0,0,0,,0,Item Attribute,1,,0,0,0,0,0,,0,Ethiopia,,,1,0,,0,0,,0,0,0,0,,,0,,,,0,0,,0,,,,,,,0,0,,,0,,,,,,,,,,,,96f78d941c,Nos,1,,,,,,,,,,,,,,,,,,,,,,,,,,,,,,,,,
Flap Cap White,,,STO-ITEM-.YYYY.-,,Flap Cap White,Caps,,0,0,0,Nos,0,0,1,1,0,0,0,0,0,,,0,0,/files/flip-cap-bottle-500x500.jpg,,Flap Cap White,0,2099-12-31,Purchase,,,0,,0,0,,0,0,0,0,,0,Item Attribute,1,,0,0,0,15,0,,0,Ethiopia,,,1,0,,0,0,,0,0,0,0,,,0,,,,0,0,,0,,/files/flip-cap-bottle-500x500.jpg,/files/flip-cap-bottle-500x500_small.jpg,,,,0,0,,,0,,,,,,,,,,,,4644e426e0,Nos,1,,,,,,,,,5d6a55c3bf,Niyo Polymers,Stores - NP,,,,,,Â 41100-01 - Cash Sales @ 15% - UNIT 1 - NP,,,,,,,,,,,,,,,,
Flap Cap Red,,,STO-ITEM-.YYYY.-,,Flap Cap Red,Caps,,0,0,0,Nos,0,0,1,1,0,0,0,0,0,,,0,0,,,Flap Cap Red,0,2099-12-31,Purchase,,,0,,0,0,,0,0,0,0,,0,Item Attribute,1,,0,0,0,0,0,,0,Ethiopia,,,1,0,,0,0,,0,0,0,0,,,0,,,,0,0,,0,,,,,,,0,0,,,0,,,,,,,,,,,,605caf4e05,Nos,1,,,,,,,,,,,,,,,,,,,,,,,,,,,,,,,,,
Flap Cap Orange,,,STO-ITEM-.YYYY.-,,Flap Cap Orange,Caps,,0,0,0,Nos,0,0,1,1,0,0,0,0,0,,,0,0,,,Flap Cap Orange,0,2099-12-31,Purchase,,,0,,0,0,,0,0,0,0,,0,Item Attribute,1,,0,0,0,0,0,,0,Ethiopia,,,1,0,,0,0,,0,0,0,0,,,0,,,,0,0,,0,,,,,,,0,0,,,0,,,,,,,,,,,,fe07c6f794,Nos,1,,,,,,,,,,,,,,,,,,,,,,,,,,,,,,,,,
Flap Cap Green,,,STO-ITEM-.YYYY.-,,Flap Cap Green,Caps,,0,0,0,Nos,0,0,1,1,0,0,0,0,0,,,0,0,,,Flap Cap Green,0,2099-12-31,Purchase,,,0,,0,0,,0,0,0,0,,0,Item Attribute,1,,0,0,0,0,0,,0,Ethiopia,,,1,0,,0,0,,0,0,0,0,,,0,,,,0,0,,0,,,,,,,0,0,,,0,,,,,,,,,,,,3201281b92,Nos,1,,,,,,,,,e6dcbf252d,Niyo Polymers,,,,,,,Â 41100-01 - Cash Sales @ 15% - UNIT 1 - NP,,,,,,,,,,,,,,,,
Flap Cap Blue,,,STO-ITEM-.YYYY.-,,Flap Cap Blue,Caps,,0,0,0,Nos,0,0,1,1,0,0,0,0,0,,,0,0,,,Flap Cap Blue,0,2099-12-31,Purchase,,,0,,0,0,,0,0,0,0,,0,Item Attribute,1,,0,0,0,0,0,,0,Ethiopia,,,1,0,,0,0,,0,0,0,0,,,0,,,,0,0,,0,,,,,,,0,0,,,0,,,,,,,,,,,,97cfae0ae6,Nos,1,,,,,,,,,,,,,,,,,,,,,,,,,,,,,,,,,
3 Ltr Cap,,,STO-ITEM-.YYYY.-,,3 Ltr Cap,Caps,,0,0,0,Nos,0,0,1,1,0,0,0,0,0,,,0,0,,,3 Ltr Cap,0,2099-12-31,Purchase,,,0,,0,0,,0,0,0,0,,0,Item Attribute,1,,0,0,0,0,0,,0,Ethiopia,,,1,0,,0,0,,0,0,0,0,,,0,,,,0,0,,0,,,,,,,0,0,,,0,,,,,,,,,,,,d5de04eb65,Nos,1,,,,,,,,,54cc969053,Niyo Polymers,,,,,,,Â 41100-01 - Cash Sales @ 15% - UNIT 1 - NP,,,,,,,,,,,,,,,,
FGNIYO567,,,STO-ITEM-.YYYY.-,,FGNIYO567,All Item Groups,,0,0,0,Nos,0,0,0,1,0,0,0,0,0,,,0,0,,,FGNIYO567,0,2099-12-31,Purchase,,,0,,0,0,,0,0,0,0,,0,Item Attribute,1,,0,0,0,165,0,,0,Ethiopia,,,1,0,,0,0,,0,0,0,0,,,0,,,,0,0,,0,,,,,,,0,0,,,0,,,,,,,,,,,,6cfe9914e1,Nos,1,,,,,,,,,,,,,,,,,,,,,,,,,,,,,,,,,
FGNIYO456,,,STO-ITEM-.YYYY.-,,FGNIYO456,All Item Groups,,0,0,0,Nos,0,0,0,1,0,0,0,0,0,,,0,0,,,FGNIYO456,0,2099-12-31,Purchase,,,0,,0,0,,0,0,0,0,,0,Item Attribute,1,,0,0,0,0,0,,0,Ethiopia,,,1,0,,0,0,,0,0,0,0,,,0,,,,0,0,,0,,,,,,,0,0,,,0,,,,,,,,,,,,95d11e79ce,Nos,1,,,,,,,,,,,,,,,,,,,,,,,,,,,,,,,,,
FGNIYO345,,,STO-ITEM-.YYYY.-,,FGNIYO345,All Item Groups,,0,0,0,Nos,0,0,1,1,0,0,0,0,0,,,0,0,,,FGNIYO345,0,2099-12-31,Purchase,,,0,,0,0,,0,0,0,0,,0,Item Attribute,1,,0,0,0,0,0,,0,Ethiopia,,,1,0,,0,0,,0,0,0,0,,,0,,,,0,0,,0,,,,,,,0,0,,,0,,,,,,,,,,,,5d83d1aecb,Nos,1,,,,,,,,,,,,,,,,,,,,,,,,,,,,,,,,,
FGNIYO234,,,STO-ITEM-.YYYY.-,,FGNIYO234,All Item Groups,,0,0,0,Nos,0,0,0,1,0,0,0,0,0,,,0,0,,,FGNIYO234,0,2099-12-31,Purchase,,,0,,0,0,,0,0,0,0,,0,Item Attribute,1,,0,0,0,0,0,,0,Ethiopia,,,1,0,,0,0,,0,0,0,0,,,0,,,,0,0,,0,,,,,,,0,0,,,0,,,,,,,,,,,,6a4f1039b2,Nos,1,,,,,,,,,,,,,,,,,,,,,,,,,,,,,,,,,
FGNIYO123,,,STO-ITEM-.YYYY.-,,FGNIYO123,All Item Groups,,0,0,0,Nos,0,0,0,0,0,0,0,0,0,,,0,0,,,NIYO123,0,2099-12-31,Purchase,,,0,,0,0,,0,0,0,0,,0,Item Attribute,1,,0,0,0,0,0,,0,Ethiopia,,,1,0,,0,0,,0,0,0,0,,,0,,,,0,0,,0,,,,,,,0,0,,,0,,,,,,,,,,,,59a4a7ee06,Nos,1,,,,,,,,,,,,,,,,,,,,,,,,,,,,,,,,,
